title,company,location,link,date,description,remote,tags,job_types,source,skills
Senior SAP ABAP Entwickler (m/w/d),MSA Fleet Consulting | MSA Software Solutions UG,Bruckmühl,https://www.arbeitnow.com/jobs/companies/msa-fleet-consulting-msa-software-solutions-ug/senior-sap-abap-entwickler-bruckmuhl-405515,26-05-26,"MSA Fleet Consulting – Spezialist für modernes Fuhrparkmanagement im SAP® Automotive Umfeld Du möchtest moderne SAP-Lösungen nicht nur umsetzen, sondern aktiv mitgestalten? Dann werde Teil von MSA Fleet Consulting. Wir entwickeln SAP-basierte Lösungen für modernes Fuhrparkmanagement im Automotive-Umfeld und verbinden spannende Kundenprojekte mit eigener Produktentwicklung. Mit unseren Lösungen: Automotive Solution Framework (ASF) und Contract Management Automotive (CMA) unterstützen wir Unternehmen dabei, ihre Fuhrpark-Prozesse im SAP®-Umfeld effizienter, transparenter und zukunftssicher zu gestalten. Dich erwarten moderne Technologien, flexible Arbeitsmodelle, kurze Entscheidungswege und ein agiles, motiviertes Team, das Wert auf offene Zusammenarbeit und Eigenverantwortung legt. Unser Anspruch - Immer auf Pole Position Als wachsendes SAP®-Beratungsunternehmen setzen wir auf partnerschaftliche Zusammenarbeit, pragmatische Lösungen und technologische Weiterentwicklung. Diese Werte leben wir sowohl im Umgang mit unseren Kunden als auch innerhalb unseres Teams. Bei uns arbeitest Du nicht nur in klassischen Kundenprojekten, sondern entwickelst aktiv unsere eigenen SAP-Produkte weiter und bringst Deine Ideen direkt ein. Weil wir immer mehr Fahrt aufnehmen, suchen wir genau Dich zur Verstärkung ab 01.07.2026. Wachse mit uns und bringe Deine Expertise aktiv ein! Aufgaben Du entwickelst moderne SAP-basierte Lösungen für unsere Kunden im Automotive-Umfeld Du konzipierst und entwickelst Anwendungen mit ABAP, ABAP OO, Fiori, UI5 und S/4HANA Du entwickelst bestehende Anwendungen weiter und optimierst Prozesse gemeinsam mit unseren Kunde Du arbeitest an klassischen sowie webbasierten Lösungen Du bringst Deine Ideen in die Weiterentwicklung unserer Produkte ASF und CMA ein Du steuerst eigene Projekte eigenverantwortlich – von der Konzeption bis zum Go-live Du arbeitest überwiegend remote und unterstützt Kunden bei Bedarf auch vor Ort Qualifikation Fundierte Basis Ein abgeschlossenes Studium der (Wirtschafts-)Informatik, BWL oder eine vergleichbare Qualifikation Mindestens fünf Jahre Berufserfahrung in einer vergleichbaren Position Technologisches Know-how Sehr gute Kenntnisse in: ABAP / ABAP OO Fiori / UI5 S/4HANA CDS und RAP Webservices IDOC und OData Formularentwicklung Arbeitsweise & Persönlichkeit Du arbeitest absolut eigenverantwortlich, packst gerne selbst mit an (Hands-on-Mentalität) und kommunizierst direkt im Team Du berätst unsere Kunden eigenständig und überzeugst durch starke Entwicklungskompetenz Sprachkenntnisse Verhandlungssichere Deutschkenntnisse Gute Englischkenntnisse Wichtig Du besitzt eine gültige Arbeitserlaubnis für Deutschland sowie einen Wohnsitz in Deutschland Benefits Flexibles Arbeiten mit hohem Remote-Anteil und gelegentlichen Kundenterminen vor Ort Attraktives Fixgehalt plus zusätzliche monatliche Erfolgsbeteiligung Flache Hierarchien, offene Duz-Kultur und regelmäßige Team-Events Flexible Arbeitszeiten, 30 Tage Urlaub sowie zusätzliche arbeitsfreie Tage Individuelle Weiterbildungen und persönliche Entwicklungsmöglichkeiten Spannende Kombination aus Kundenprojekten und eigener Produkt- entwicklung Kurze Entscheidungswege, viel Gestaltungsspielraum und langfristige Perspektiven in einem wachsenden Unternehmen Werde Teil unseres Teams! Wir freuen uns auf Deine deutschsprachige Bewerbung inklusive Lebenslauf, Gehaltsvorstellung und Deinem frühestmöglichen Starttermin per E-Mail. Bewerbungsunterlagen bitte in Deutsch einreichen. Bewerbungen in anderen Sprachen werden nicht akzeptiert. Find more English Speaking Jobs in Germany on Arbeitnow",True,"['Remote', 'SAP/ERP Consulting', 'Development']",['berufserfahren'],arbeitnow,
Selbstständiger Finanzplaner,StartKapital,Stuttgart,https://www.arbeitnow.com/jobs/companies/startkapital/selbststandiger-finanzplaner-stuttgart-491009,26-05-26,"Sales & Consulting - Vertriebstalente gesucht! 70.000. bis 120.000+ im ersten Jahr möglich Freie Zeiteinteilung und Urlaub Junges ambitioniertes Team Erreichen von persönlichen Zielen Aufgaben Perspektivisch: Mentoring / Führungskraft Vertriebliche Weiterbildungen im Wert von über 600.000 Euro Fachliche Weiterbildungen, Kooperation mit der IHK Kundenakquise; Warmakquise und socialmedia Kundenbetreuung Erstellen von individuellen Finanzplänen Individuelle bedarfsorientierte Kundenberatung Qualifikation Disziplin und Ehrgeiz bestimmen dein Handeln Überzeugendes Auftreten Kommunikativität Eigenverantwortliches Arbeiten Benefits Maximales Leistungsprinzip Top Leasingangebote von BMW bis Mercedes ab 300 Euro Bestenförderung Incentives mit bezahltem Urlaub von Marokko bis Ibiza Du dachtest Langeweile, starre Gehaltentwicklungen, nervige Chefs, feste Arbeitszeiten und 30 Tage Urlaub im Jahr unter mäßiger Bezahlung erwarten Jeden, der einen Job im Finance-Bereich sucht, aber keinen 1.0er Schnitt im Abi hatte oder an einer renommierten Elite-Uni BWL studiert? falsch gedacht - wir nehmen alle - ...alle, die hungrig sind und Lust auf mehr im Leben haben! Find Jobs in Germany on Arbeitnow",False,['Finance'],['Freelance'],arbeitnow,
Quereinstieg (m/w/d) - Werde Digital Marketing & KI Manager,Edvalo Education GmbH,Böblingen,https://www.arbeitnow.com/jobs/companies/edvalo-education-gmbh/quereinstieg-werde-digital-marketing-ki-manager-boblingen-334848,26-05-26,"Warum jetzt der richtige Moment ist Digitales Marketing und Künstliche Intelligenz verändern gerade die Arbeitswelt – und Unternehmen suchen händeringend nach Menschen, die beides verbinden können. Genau dafür bilden wir dich aus. In 4 Monaten Vollzeit (oder 8 Monaten Teilzeit) wirst du fit für einen der gefragtesten Berufe der nächsten Jahre. Vorkenntnisse brauchst du nicht – nur Lust, etwas Neues anzufangen. Was Edvalo anders macht Live statt aufgenommen Unsere Kurse laufen in Echtzeit, mit echten Dozenten aus der Praxis. Du stellst Fragen und bekommst direkt Antworten – statt allein vor einem Video zu sitzen. Kleine Gruppen Maximal 12 Teilnehmende pro Kurs. Damit niemand untergeht und du wirklich individuell begleitet wirst. Echte Werkzeuge inklusive Wir stellen dir die aktuellsten KI-Tools zur Verfügung – damit du nicht nur über sie redest, sondern täglich mit ihnen arbeitest. Echte Unternehmensprojekte Durch unsere Kooperationen mit Unternehmen arbeitest du an Aufgaben aus der echten Geschäftswelt – statt an erfundenen Fallbeispielen. Portfolio statt nur Zertifikat Am Ende hast du eigene Projekte, die du in Bewerbungen vorzeigen kannst. 100% förderbar Über den Bildungsgutschein der Agentur für Arbeit oder des Jobcenters übernehmen wir die kompletten Kosten. Monatlicher Start Jeden Monat startet ein neuer Kurs – du musst nicht warten. Aufgaben Das wirst du können Kunden digital gewinnen – du verstehst, wie moderne Kundengewinnung funktioniert, und kannst sie selbst umsetzen. Werbung professionell schalten – auf den großen Plattformen, mit klaren Strukturen und messbaren Ergebnissen. Inhalte mit KI erstellen – Texte, Bilder und Videos in Profi-Qualität, in einem Bruchteil der Zeit. Ergebnisse messen und verbessern – du lernst, Zahlen zu lesen und daraus die nächsten Schritte abzuleiten. Prozesse automatisieren – damit Routineaufgaben sich von selbst erledigen und du dich auf das Wesentliche konzentrieren kannst. Qualifikation Das solltest du mitbringen Lust auf eine neue berufliche Richtung – egal ob Wechsel, Wiedereinstieg oder nächster Karriereschritt Interesse an digitalen Themen – Vorerfahrung im Marketing ist nicht nötig Deutschkenntnisse auf B2-Niveau Einen PC oder Laptop mit Internetverbindung Bereitschaft, vier Monate fokussiert in deine neue Karriere zu investieren So geht's weiter Trage dich unverbindlich ein – wir melden uns innerhalb von 24 Stunden telefonisch bei dir. In einem kurzen Gespräch klären wir gemeinsam, ob die Weiterbildung zu dir passt und wie der Bildungsgutschein bei dir konkret abläuft. Art der Stelle: Vollzeit, Teilzeit Arbeitsort: 100% Remote Nächste Starttermine: monatlich Find Jobs in Germany on Arbeitnow",True,"['Remote', 'Marketing and Communication']",[],arbeitnow,Git
Senior Technical Product Manager,SumUp,"Berlin, Berlin, Germany",https://www.arbeitnow.com/jobs/companies/sumup/senior-technical-product-manager-berlin-274327,26-05-25,"The Verification squad sits at the heart of SumUp's ability to operate across 37 markets. We own the systems that determine whether a merchant's identity is verified, whether that verification meets the regulatory bar in every market we operate in, and whether the decisions made along the way are auditable and defensible. This isn't a coordination role — it's a high-ownership position where you'll set the product direction for a domain that is legally complex, strategically important, and actively transforming. If you want to own something that genuinely matters — where your decisions shape compliance outcomes, merchant experience, and platform capability simultaneously — this is that role. What you'll do Define and lead the product strategy for the verification platform, sequencing compliance obligations, platform modernisation, and merchant experience improvements with clear intent Own the regulatory surface across multiple markets — monitoring evolving KYC/KYB, AML, and eIDAS requirements and converting them into structured, buildable scope before they become blockers Make the hard calls where UX and backend decisions conflict, holding coherence across the full product surface and owning the outcome when trade-offs are required Run lean, autonomous discovery — synthesising user research, data signals, and regulatory guidance into decision-ready artefacts independently Co-lead the squad alongside a strong Engineering Manager, driving platform modernisation and reducing technical debt deliberately You'll be great for this role if Proven experience as a product manager in a regulated fintech or financial services environment, with direct ownership of KYC, KYB, or identity verification products across multiple markets Strong ability to manage complex, multi-stakeholder environments — including Legal, AML, Compliance, Risk, and Operations — negotiating scope with credibility and care, and holding the line when it matters Technical depth to interrogate backend architecture decisions, API design trade-offs, and third-party vendor capabilities, and to make coherent product calls across the full stack Data fluency: comfortable defining metrics, interrogating dashboards, and using quantitative signals to inform prioritisation and planning Track record of arriving at planning conversations with evidence-backed proposals and the organisational confidence to defend them Why you should join SumUp 🌍 Opportunity to work with SumUppers globally on large-scale fintech products used by millions of businesses worldwide, from our modern Sofia office. This involves an office-first setup 🌈 Commitment to Diversity and Inclusion: be part of a workplace that values and promotes diversity, fostering an inclusive environment where everyone's perspectives are respected and embraced 🚀 Enrolment onto our Virtual Stock Option programme: you will own a stake in SumUp's future success 📚 A dedicated annual L&D budget of €2000 and 10 paid days of educational leave which can be used to attend conferences and/or advance your career through further education 🏖 Generous time off: 25 days of paid leave, plus one extra day per year of service (up to 35), along with public holidays and special leave options 🏥 Peace of mind: additional health insurance and life insurance 💪 Stay active: on-site yoga and a co-sponsored Multisport card offering access to hundreds of sports facilities 🍽 Meal support: benefit from a tax-free food voucher program plus flexibility via our Re:Benefits platform 🚌 Easy commute: free shuttle buses connecting directly to Joliot-Curie metro station 🌴 Break4me: 1-month sabbatical after 3 years of service 🔗 Referral Bonus: earn additional rewards by referring talented individuals to join the SumUp team About SumUp Be empowered to do more that matters. At SumUp, we're on a mission to empower small businesses across the globe by providing simple and affordable tools that allow them to thrive. Today, over 4 million businesses in 37 markets rely on SumUp as their financial partner to manage payments, finance and customer relationships. Our commitment to small businesses is reflected in our diverse team of over 3,000 SumUppers from over 90 nationalities, united by global collaboration and an innovative mindset. Our core values lay the foundation for who we are and what we stand for, shaping our work culture and driving our success. We foster inclusivity and a continuous learning culture, providing a safe space for personal and professional growth. Our differences make us unique and strong as we strive to create an environment where everyone belongs and feels supported, no matter how they identify. SumUp is proud to be an Equal Employment Opportunity employer, actively seeking and embracing diversity in our workforce. We don't make hiring or employment decisions based on race, colour, religion or religious belief, ethnic or national origin, nationality, sex, gender, gender identity, sexual orientation, disability, age or any other basis protected by applicable laws or prohibited by company policy. Our commitment extends beyond recruitment to creating a safe and respectful workplace where harassment of any form is strictly prohibited. Discover more about our culture and opportunities on our careers website , and follow our journey on LinkedIn , Instagram , and TikTok . Job Application Tip We recognise that candidates feel they need to meet 100% of the job criteria in order to apply for a job. Please note that this is only a guide. If you don't tick every box, it's ok too because it means you have room to learn and develop your career at SumUp. Find Jobs in Germany on Arbeitnow",False,[],[],arbeitnow,API | AWS
Full-Remote: Influencer Marketer (gn) / 20 Wochenstunden Teilzeit,Wildschytz UG,Heidelberg,https://www.arbeitnow.com/jobs/companies/wildschytz-ug/full-remote-influencer-marketer-gn-20-wochenstunden-teilzeit-heidelberg-448877,26-05-25,"Wildschytz ist der führende Anbieter von Outdoor-Erlebnissen in Deutschland. Ganz in der Tradition der legendären Wildschytzen vergangener Tage, bringen wir die Menschen aus der Stadt wieder zurück in die Natur. Werde Teil unserer Reise und baue unser Infleuncer Marketing auf. Aufgaben Du baust das Influencer Marketing bei Wildschytz auf. Von ersten Partnerschaften zu über 100 Creatorn die jede Woche Storys über unsere Erlebnisse machen. Identifikation: Du recherchierst und kontaktierst passende Influencer und Creator auf Instagram Kampagnenmanagement: Du begleitest die Kooperationen von der ersten Anfrage bis zum regelmäßigen Posten. Beziehungsmanagement: Du pflegst den Kontakt zu unseren bestehenden Partnern und baust unser Netzwerk stetig aus. Performance-Check: Du behältst die Ergebnisse (Reach, Engagement, Conversions) im Blick und optimierst unsere Strategie. Content-Briefing: Du erstellst klare Guidelines, damit der Content perfekt zu unserer Brand Voice passt. Qualifikation Idealerweise Erfahrung im Influencer Marketing: Du hast bereits das Influencer Marketing für andere Brands betreut oder sogar aufgebaut. Kommunikationstalent: Du bist wortgewandt, schreibst gerne und kannst Menschen für eine Idee begeistern. Organisation: Du behältst auch bei Full-Remote und freier Zeiteinteilung den Überblick. Sprache: Du beherrschst Deutsch sicher in Wort und Schrift. Benefits Wildschytz ist ein junges, nachhaltiges und naturverbundenes, wachsendes Unternehmen mit vielen Chancen. Das Backoffice-Team arbeitet Full-Remote verteilt aus ganz Deutschland. Schnelles Wachstum mit großen Entwicklungsmöglichekeiten Home-Office / Remote arbeit als Standard Freie Zeiteinteilung über die Woche Nachhaltige und naturverbundene Unternehmensmission Macbook & iPhone (Apple First Company) Hast du Lust, mit uns gemeinsam zu wachsen? Dann schick uns einfach einen kurzen Lebenslauf. Wir freuen uns auf deine aussagekräftige Bewerbung! Find more English Speaking Jobs in Germany on Arbeitnow",True,"['Remote', 'Social Media Manager']",[],arbeitnow,
Testkäufer gesucht - Mystery Shopping Deutschlandweit,inventura,Aachen,https://www.arbeitnow.com/jobs/companies/inventura/testkaufer-gesucht-mystery-shopping-deutschlandweit-aachen-454866,26-05-25,"Unser Unternehmen ist als bundesweit tätiges Dienstleistungsunternehmen mit diversen Leistungsprektren im Einzelhandel angesiedelt. Wir suchen Testkäufer/innen, die Interesse an einer Zusammenarbeit haben, gerne auch auf langfristiger Basis oder spotan bei Ausfällen einspringen. Aufgaben Sie führen in Filialen unserer Kunden Testkäufe nach den Vorgaben eines Briefings durch. Anschließend besprechen Sie den jeweiligen Testkauf mit dem Filialverantwortlichen, füllen ein vorgegebenes Protokoll aus und erhalten sofort Ihr Einkaufsgeld zurück. Qualifikation Eigener PKW, ein Smartphone mit WhatsApp und gute Deutschkenntnisse sind Voraussetzung. Benefits Freie Zeiteinteilung innerhalb des abgesprochenen Zeitrahmens. Bei Interesse nehmen Sie bitte per Mail oder telefonisch Kontakt mit uns auf. Wir freuen uns auf hre Bewerbung. Find Jobs in Germany on Arbeitnow",False,['Customer Service'],"['Freelance', 'hilfstätigkeit / student']",arbeitnow,
"Senior Associate, Finance & Strategy, Marketplace",Wolt - English,"Berlin, Berlin, Almanya",https://www.arbeitnow.com/jobs/companies/wolt-english/senior-associate-finance-strategy-marketplace-berlin-481979,26-05-25,"About Wolt At Wolt, we create technology that brings joy, simplicity and earnings to the neighborhoods of the world. In 2014 we started with delivery of restaurant food. Now we're building the delivery of (almost) everything and you'll find us in over 500 cities in 30 countries around the world. In 2022 we joined forces with DoorDash and together we keep on dreaming big and expanding across the globe. Working at Wolt isn't always easy, but it's definitely exciting. Here you'll learn more, build more, and ship more than in most other companies. You'll be challenged a lot, but also have a lot of fun on the way. So, if you're a self-starter with drive and entrepreneurial spirit, this could be the ride of your life. Berlin or Helsinki is preferred. Wolt builds technology that brings joy, simplicity, and earnings to neighbourhoods. It started in 2014 with restaurant delivery and is now building the delivery of (almost) everything, with operations in 500+ cities across 30 countries. In 2022 it joined forces with DoorDash and continues to grow globally. Working at Wolt is framed as fast-paced and demanding but high-learning: you learn, build, and ship a lot. To steer our Marketplace business at scale, we're building a new Finance & Strategy team at the heart of Wolt's Restaurant vertical. This team owns the financial engine behind our core business, from forecasting how many orders we'll have tomorrow to shaping how the P&L looks across all our countries. You'll work alongside peer teams covering Marketing, Wolt+ (subscription), and Regional Finance. Your counterparts include the consumer business, regional finance leaders across Europe and beyond. Role background You'll be the person who knows, and explains, how Wolt's Restaurant business is really doing. Not the dashboards. Not the data pipelines. The actual story: what's working, what's not, why, and what to do about it. The role has three sides. First, you'll own the full profit and loss narrative for our largest vertical across all the countries we operate in, writing the analysis that leadership reads every week and presenting the Restaurant narrative in business reviews. Second, you'll manage the budget of a multi-billion EUR transaction-volume business: setting regional allocations, tracking risks and opportunities, and leading the rebalancing conversation when things go off track. Third, you'll define how the organisation reads the numbers, building the reporting standards that ensure every team measures performance, explains variances, and uses financial language the same way. What you'll be doing Own the financial story: Partner with finance and business stakeholders across the organisation to build the Restaurant profit and loss narrative. Write the variance commentary for Weekly and Quarterly Business Reviews that connects what moved, why, and what to do about it.Spot the signals that matter across 30 countries. When something shifts, diagnose whether it's structural, behavioral, or seasonal, and bring a clear recommendation to the table. Track risks and opportunities: Maintain a live view of risks and opportunities by region, country and line item.Surface trends in weekly and monthly reviews before they appear in the close. When a country is trending below plan, quantify the risk, identify the root cause, and recommend whether to rebalance within the region or escalate for cross-regional contingency. Manage the budget across regions: Set quarterly Restaurant budget allocations across regions and lead the rebalancing conversation when a country or region is off-target.Consolidate country-level actuals, forecasts, and plans into a single profit and loss view that the organisation can trust and act on. Set the standard for how we read the numbers: Define and maintain the reporting framework for the Restaurant vertical and marketplace healthiness, from profit and loss structure to operational Weekly Business Review formats, so that every stakeholder reads and interprets the numbers the same way.Ensure consistency across regions and teams in how performance is measured, how variances are explained, and how financial language is used, creating a shared foundation that the entire organisation can rely on. What Makes This Different From Other Finance Roles: You don't just report, you advise. The consumer team, regional leads, and the Head of Marketplace will ask for your read on things before they act. Your analysis shapes decisions, it doesn't just document them.You don't work on one market, you see 30+. You'll have a cross-country, cross-regional view that almost no one else in the organisation has. When you spot a pattern across markets, you're the person who connects the dots.You don't inherit a playbook, you help write it. This team is being built from scratch. How we report, how we plan, how we align with regions. You'll shape these processes, not just follow them.You're not behind the scenes. You present at Weekly or Quarterly Business Reviews. You negotiate budget reallocations with senior regional leads. You deputize for the Team Lead. If you want a role where your work is visible and your judgment matters, this is it. Our humble expectations 6+ years of experience in strategic finance, investment banking, private equity, M&A, or FP&A at a high-growth tech company. Comfortable leading budget and performance conversations with senior stakeholders. Experience writing P&L commentary for senior leadership in a multi-country or multi-business-unit organisation. Track record of partnering with non-finance teams (product, commercial, operations) on pricing or investment decisions. Strong understanding of unit economics, margin drivers, and commercial structures. Genuine interest in using AI tools to improve how financial analysis gets done. You don't need to be an expert, but you should be the kind of person who's already tried using AI to solve a real work problem. What you'll get by joining us A front-row seat in shaping the financial strategy of one of Wolt's fastest-growing global business lines. Significant visibility with senior leadership and the opportunity to influence high-impact decisions. Freedom and ownership to build, improve, and scale financial models and frameworks at global level. A collaborative, supportive, and ambitious team that cares deeply about your development. A competitive salary, benefits, and eligibility for our equity plan. The opportunity to work in Munich, Berlin or Helsinki (preferred). Next steps If you are excited about working in a high-growth environment, taking ownership of things you care about, and being part of an ambitious group of professionals, then click below to apply and get the conversation going! Our Commitment to Diversity and Inclusion We're committed to growing and empowering a more inclusive community within our company, industry, and cities. That's why we hire and cultivate diverse teams of people from all backgrounds, experiences, and perspectives. We believe that true innovation happens when everyone has room at the table and the tools, resources, and opportunity to excel. Find more English Speaking Jobs in Germany on Arbeitnow",False,[],[],arbeitnow,Excel | API
Werkstudent Sales Development Representative (m/w/d),Ginmon GmbH,Frankfurt am Main,https://www.arbeitnow.com/jobs/companies/ginmon-gmbh/werkstudent-sales-development-representative-frankfurt-am-main-386715,26-05-25,"Brennst du für Effizienz, KI-Tools und die Tech-Trends von morgen? Möchtest du schon während deines Studiums die digitale Transformation der Finanztechnologie aktiv mitgestalten? Bei Ginmon arbeiten wir in einem Team aus jungen, visionären Experten daran, die Lücke zwischen wissenschaftlichem Portfoliomanagement und modernster Kapitalmarkttechnologie zu schließen. Mit unserer innovativen Plattform helfen wir Privatanlegern, ihre finanziellen Ziele durch ETF-basierte Anlagestrategien effizient und kosteneffektiv zu erreichen. Nach unserem Erfolg im B2C Bereich markiert das Jahr 2026 einen Meilenstein: den offiziellen Launch von apeiron Wealth ( www.apeiron-wealth.com ), unserem zukunftsweisenden, KI-nativen Betriebssystem für Vermögensberater. apeiron bietet eine vollautomatisierte Infrastruktur, die das gesamte Beratungsgeschäft digitalisiert und revolutioniert. Da wir diesen neuen strategischen Pfeiler nun rasant ausbauen, suchen wir einen ambitionierten Werkstudenten als Sales Development Representative (m/w/d). In dieser Rolle unterstützt du uns direkt dabei, die Markteinführung von apeiron aktiv voranzutreiben und das System als Goldstandard für die Vermögensberatung in Deutschland zu etablieren. Deine Aufgaben: Du suchst aktiv nach neuen Geschäftsmöglichkeiten und Kooperationen mit unabhängigen Vermögensberatern (§§ 34f, 34d, 34h), Beratern unter einem Haftungsdach sowie mit Private Bankern, die den Schritt in die Selbstständigkeit planen. Du initiierst den Erstkontakt über verschiedene Kanäle (Telefon, E-Mail, LinkedIn) und begleitest Leads zielgerichtet vom ersten Kontakt bis zur Vereinbarung eines Vorstellungstermins. Du berichtest direkt an unseren CEO, unterstützt bei der Weiterentwicklung unserer Vertriebsstrategien und vereinbarst Termine mit relevanten Entscheidungsträgern. Du pflegst und aktualisierst unsere CRM-Datensätze mit hoher Sorgfalt, um eine datengestützte und transparente Sales-Pipeline sicherzustellen. Du bist ständig auf der Suche nach neuen KI-Tools und Automatisierungssystemen, um deine eigenen Arbeitsprozesse und die Effizienz im Sales Development kontinuierlich zu optimieren. Du entwickelst schnell ein tiefgreifendes Verständnis für apeiron Wealth und dessen Marktvorzüge, um potenzielle Kunden schon beim ersten Kontakt kompetent zu begeistern. Dein Profil Du bist immatrikuliert in einem Bachelor- oder Masterstudiengang, beispielsweise in Wirtschaftswissenschaften, BWL, Finanzen oder einem vergleichbaren Bereich mit Fokus auf den Kapitalmarkt, und hast idealerweise noch mindestens ein Jahr Studium vor dir. Erste Erfahrungen im Vertrieb, in der Software-/SaaS-Branche, im CRM-Management oder im Bereich der Vermögensverwaltung sind von Vorteil, aber keine Voraussetzung. Du bringst ein grundlegendes Verständnis für die deutsche Finanz- und Beratungslandschaft mit oder hast Lust, dich tief in die Herausforderungen unabhängiger Finanzberater (IFAs) einzuarbeiten. Du begeisterst dich für innovative technologische Lösungen und KI und möchtest Arbeitsprozesse durch intelligente Tools maximal effizient gestalten. Du bist ein echter Teamplayer, kannst aber ebenso eigenständig agieren. Du zeichnest dich durch eine Getting-things-done-Mentalität aus, übernimmst Verantwortung für deine Leads und denkst proaktiv mit. Du kommunizierst auf Deutsch auf muttersprachlichem Niveau (wichtig für die Kundenansprache) und besitzt verhandlungssichere Englischkenntnisse für die interne Kommunikation. Du bist im Rhein-Main-Gebiet ansässig und arbeitest flexibel 20 Stunden pro Woche in unserem Frankfurter Büro. Was wir bieten Die Möglichkeit, den Markterfolg von apeiron Wealth maßgeblich mitzugestalten und die digitale Transformation der deutschen Vermögensberatung direkt zu beeinflussen. Direktes Reporting an den CEO sowie flache Hierarchien mit viel Raum für deine eigenen Ideen. Perfekt, um wertvolle Business- und Vertriebserfahrung direkt vom Management zu sammeln. Ein internationales, junges und gleichgesinntes Team von Profis mit einer ausgeprägten „Getting-things-done“-Mentalität und einer hervorragenden Arbeitsatmosphäre. Eine ausgewogene Balance zwischen Klausurenphase und Job dank flexibler Einteilung deiner 20 Stunden sowie einem hybriden Modell (Arbeit in unserem zentralen Büro in Frankfurt am Main & Homeoffice). Spezielle Konditionen für Mitarbeiter-Investments, High-End-Equipment (auch für dein Studium nutzbar), regelmäßige Teamevents sowie eine moderne Büroatmosphäre inklusive Kaffeeflatrate, Snacks und Drinks. Find Jobs in Germany on Arbeitnow",False,"['Sales', 'high school coursework']","['Part-time fixed-term', 'student (college)']",arbeitnow,API | Git
Senior Software- & Systems-Engineer (m/w/d),IRPD GmbH,Schweinfurt,https://www.arbeitnow.com/jobs/companies/irpd-gmbh/senior-software-systems-engineer-schweinfurt-298989,26-05-25,"Die IRPD GmbH ist ein mittelständiges, international tätiges, forschungsorientiertes Technologieunternehmen mit Sitz im Großraum München, das im Bereich der Elektronik- und Softwareentwicklung für Anwendungen in Logistik, Human- und Tiermedizin erfolgreich am Markt tätig ist. Die entwickelten Systeme verbinden Sensorik, Embedded Hardware, Datenplattformen und moderne Webtechnologien. Die Erfassung, Verarbeitung, Analyse und Visualisierung großer Mengen an Sensordaten ist eine Kernkompetenz des Unternehmens. Gesucht wird ab sofort ein erfahrener Aufgaben Architektur, Entwicklung und Betrieb verteilter Backend-Systeme zur Verarbeitung und Archivierung von Sensordaten (Python, MongoDB, MQTT, RabbitMQ) Design und Betrieb skalierbarer Linux-basierter Server- und Systemarchitekturen Entwicklung und Absicherung verteilter Kommunikations- und Softwaresysteme hinsichtlich Robustheit, Ausfallsicherheit und Cybersecurity Entwicklung moderner Webanwendungen zur Visualisierung und Analyse großer Datenmengen (Angular, TypeScript) Aufbau und Betrieb containerisierter Entwicklungs- und Deploymentumgebungen (Docker, GitLab CI/CD) Entwicklung und Integration von Embedded- und Edge-Systemen (z. B. NVIDIA Jetson, Raspberry Pi) Planung und Durchführung systematischer Test-, Validierungs- und Qualitätssicherungsprozesse für Anwendungen im Umfeld kritischer Infrastrukturen Weiterentwicklung bestehender Softwarearchitekturen und Entwicklungsprozesse Qualifikation Mehrjährige Erfahrung in der Entwicklung komplexer Software- und Systemarchitekturen Sehr gute Kenntnisse in Python sowie Erfahrung mit verteilten Systemen und Linux-Servern Erfahrung mit sicheren und robusten Kommunikations- und Softwaresystemen (Cybersecurity, Hardening, Secure Communication) Erfahrung mit MQTT, RabbitMQ, MongoDB, Angular, TypeScript, Git sowie CI/CD-Prozessen Erfahrung mit automatisierten Tests, Systemvalidierung und qualitätskritischen Anwendungen Erfahrung mit Linux-basierten Embedded- und Edge-Systemen Strukturierte und analytische Arbeitsweise Sehr gute Deutsch- und Englischkenntnisse in Wort und Schrift Benefits Ein vielfältiges Aufgabenspektrum mit umfassender Eigenverantwortung Unbefristeter Arbeitsvertrag mit attraktivem Gehalt für eine langfristige Perspektive Flache Hierarchien und kurze Entscheidungswege Offene, respektvolle und sympathische Unternehmenskultur Flexibles Arbeiten im Home Office Gestalten Sie als Senior Software- & Systems-Engineer (m/w/d) zukunftsweisende Technologien in einem innovativen, internationalen Team bei IRPD GmbH. Wir freuen uns auf Sie! Find Jobs in Germany on Arbeitnow",True,"['Remote', 'IT']",[],arbeitnow,Python | Docker | Git
Investment Manager - New Markets (m/w/d),mitte | Boutique Padel,Berlin,https://www.arbeitnow.com/jobs/companies/mitte-boutique-padel/investment-manager-new-markets-berlin-23030,26-05-25,"Wir sind fest davon überzeugt, dass Padel ein magischer Sport ist – einer, der Menschen durch seine einzigartige Kombination aus Leichtigkeit, Dynamik und sozialer Interaktion begeistert. Padel ist für alle da: von Jung bis Alt, vom Anfänger bis zum Profi – jeder kann an dieser Leidenschaft teilhaben. Es ist mehr als nur ein Spiel; es ist ein Erlebnis, das verbindet, Freude bereitet und Freundschaften schafft. mitte ist ein Boutique Padel Club , der erstklassige Spielbedingungen und ein stilvolles Umfeld für unsere dynamische, moderne Community bietet. Unsere Clubs kombinieren hochwertige Einrichtung in zentralen innerstädtischen Standorten mit digitaler Innovation und menschlicher Wärme, um Padel zu einem festen Bestandteil des Alltags zu machen – sei es für ein schnelles Spiel oder als „Third Place“ für verschiedenste Erlebnisse. Was uns besonders macht: Unsere Indoor-Clubs sind so gelegen, dass man sie in unter 15 Minuten erreichen kann – ideal für den urbanen Alltag Unsere vollautomatisierten Systeme sorgen für ein reibungsloses, modernes Spielerlebnis Unsere Community Leader leben Gastfreundschaft und hospitality-like Betreuung und widmen sich voll und ganz der Aufgabe, hervorragende Gastgeber zu sein Unser Interior Design stammt von einem renommierten Boutique-Architekten Unsere Ambition: Die erste Adresse für Padel in Europa zu werden. Aufgaben Als Investment Manager – New Markets (m/w/d) verantwortest du den Markteintritt und Pipeline-Aufbau in unseren internationalen Wachstumsmärkten. Du arbeitest direkt mit dem CEO / Gründer zusammen und übersetzt unsere Expansionslogik in neue Länder – mit Sensibilität für lokale Marktbedingungen, regulatorische Unterschiede und kulturelle Eigenheiten. Dein Ziel: ein wiederholbarer Markteintritts-Mechanismus, der mitte international skalierbar macht – ohne Qualitätsverlust und mit klarer wirtschaftlicher Logik. Deine Aufgaben: Marktanalyse & Priorisierung: Du analysierst neue Märkte hinsichtlich Demografie, Wettbewerbsumfeld, regulatorischem Rahmen und wirtschaftlicher Tragfähigkeit – und triffst Empfehlungen zur Priorisierung. Pipeline-Aufbau & Lead Screening: Du baust lokale Pipelines auf und führst fundierte Ersteinschätzungen durch – mit klaren Deal-KPIs und länderspezifischen Lagekriterien. Finanzielle Bewertung: Du modellierst P&Ls und CAPEX-Szenarien unter lokalen Bedingungen – mit Blick auf Steuerstrukturen, Lohnniveaus und länderspezifische Cost-Bases. Verhandlung & Deal Closing: Du führst eigenständig Verhandlungen mit Eigentümern und Maklern – mit dem Verständnis, dass jede Marktverhandlung eigene Spielregeln hat. Genehmigungen & rechtliche Machbarkeit: Du arbeitest eng mit externen lokalen Beratern zusammen, klärst lokale Bauordnungs- und Genehmigungsfragen und steuerst die rechtliche Prüfung. Markteintritts-Playbook: Du baust ein Playbook für Markteintritte – das jeder neue Markt schneller, präziser und wirkungsvoller macht als der vorherige. Schnittstellen: Du sorgst für einen sauberen Übergang an Architektur, Construction und Launch – und stimmst dich eng mit Brand, Operations und dem CEO ab. Das Besondere an dieser Rolle ist, dass… du den internationalen Wachstumspfad von mitte mitprägst – jeder neue Markt, den du aufschließt, erweitert das Spielfeld. du an der Schnittstelle von Strategie, Markt-Aufbau und Deal-Closing arbeitest – eine seltene Kombination, die internationales Benchmark-Denken erfordert. du echte Deal-Verantwortung trägst – vom Lead bis zur Unterschrift, in mehreren Märkten parallel. du direkt mit dem Gründer / CEO zusammenarbeitest – mit kurzen Entscheidungswegen und echtem Gestaltungsspielraum. Qualifikation Internationale Markterfahrung: Du hast nachweislich in oder für mehrere Märkte gearbeitet – idealerweise mit eigenständiger Verantwortung für Markteintritte oder grenzüberschreitende Deals. Deal- & Zahlenverständnis: Du bringst starke analytische Fähigkeiten mit, verstehst P&Ls, CAPEX-Analysen und kannst wirtschaftliche Machbarkeit unter unterschiedlichen Marktbedingungen fundiert bewerten. Berufserfahrung: Mindestens 5 Jahre Erfahrung in einem transaktionsnahen oder internationalen Umfeld – z. B. bei einem Immobilienentwickler, in einer Top-Tier-Beratung mit internationalem Track, PE/VC, Investment-Banking, einem Expansionsteam mit Cross-Border-Verantwortung oder als Operator in einem skalierenden internationalen Unternehmen. Verhandlungssicherheit & kulturelles Gespür: Du führst Deal-Gespräche souverän – auch in unterschiedlichen Geschäftskulturen. Eigenständigkeit: Du managst dich selbst, navigierst Komplexität ohne Mikrosteuerung und treibst deine Märkte mit Eigeninitiative voran. Struktur & Drive: Du kannst mehrere Märkte parallel koordinieren, arbeitest fokussiert und verlierst nie den Blick fürs Wesentliche. Hands-on-Mentalität: Du gehst dahin, wo die Deals entstehen – mit hoher Reisebereitschaft, unternehmerischem Denken und echter Umsetzungspower. Sprachen: Du kommunizierst sicher auf Deutsch und Englisch – weitere Sprachen sind ein klarer Pluspunkt. Standort & Flexibilität: Du lebst in Berlin (oder bist bereit umzuziehen) und bringst hohe Reisebereitschaft in unsere internationalen Märkte mit. Company Building: Du hast Lust, aktiv am Aufbau von Europas führendem Padel-Operator mitzuwirken — mit Ideen, Initiative und echter Verantwortung. Nichts passiert, solang wir es nicht tun. Benefits Werde Teil einer Erfolgsgeschichte: Unser Ziel ist klar — Europas größter Padel-Operator zu werden. Du bist von Anfang an dabei, mit der Chance, echte Verantwortung zu übernehmen und diese Vision aktiv mitzugestalten. Entlohnung : Ein wettbewerbsfähiges Gehalt mit langfristigen Entwicklungsperspektiven. Deine Uniform : Wir statten dich mit unserer exklusiven mitte Teamwear von Adidas aus. Das sind die Besonderheiten im Sport, die uns täglich bewegen. Sport & Wellbeing : Regelmäßige Padel Matches auf unseren Courts — für deinen körperlichen Ausgleich neben dem Arbeitsalltag. Dabei kannst du mit unseren Coaches in allen Clubs deutschlandsweit auf dem Court stehen und deine Skills verbessern oder an einem der täglichen Community Events teilnehmen. Starke Community: Du wirst Teil einer aktiven, wertschätzenden Community, die sich mit der Marke identifiziert und gemeinsame Weiterentwicklung mitträgt. Start-up Erfahrung aus erster Hand : In dieser Rolle erlebst du hautnah, was es heißt, ein Unternehmen aufzubauen — mit allem, was dazugehört. Zusammenarbeit mit Gründer: In dieser Rolle arbeitest du direkt mit unserem Gründer zusammen und schaffst mit ihm an unserer großen Vision. Find more English Speaking Jobs in Germany on Arbeitnow",False,['Business Development'],[],arbeitnow,Git
Investment Manager - DACH (m/w/d),mitte | Boutique Padel,Berlin,https://www.arbeitnow.com/jobs/companies/mitte-boutique-padel/investment-manager-dach-berlin-97375,26-05-25,"Wir sind fest davon überzeugt, dass Padel ein magischer Sport ist – einer, der Menschen durch seine einzigartige Kombination aus Leichtigkeit, Dynamik und sozialer Interaktion begeistert. Padel ist für alle da: von Jung bis Alt, vom Anfänger bis zum Profi – jeder kann an dieser Leidenschaft teilhaben. Es ist mehr als nur ein Spiel; es ist ein Erlebnis, das verbindet, Freude bereitet und Freundschaften schafft. mitte ist ein Boutique Padel Club , der erstklassige Spielbedingungen und ein stilvolles Umfeld für unsere dynamische, moderne Community bietet. Unsere Clubs kombinieren hochwertige Einrichtung in zentralen innerstädtischen Standorten mit digitaler Innovation und menschlicher Wärme, um Padel zu einem festen Bestandteil des Alltags zu machen – sei es für ein schnelles Spiel oder als „Third Place“ für verschiedenste Erlebnisse. Was uns besonders macht: Unsere Indoor-Clubs sind so gelegen, dass man sie in unter 15 Minuten erreichen kann – ideal für den urbanen Alltag Unsere vollautomatisierten Systeme sorgen für ein reibungsloses, modernes Spielerlebnis Unsere Community Leader leben Gastfreundschaft und hospitality-like Betreuung und widmen sich voll und ganz der Aufgabe, hervorragende Gastgeber zu sein Unser Interior Design stammt von einem renommierten Boutique-Architekten Unsere Ambition: Die erste Adresse für Padel in Europa zu werden. Aufgaben Als Investment Manager – DACH (m/w/d) verantwortest du den Aufbau unserer Pipeline und das Closing von Deals in Deutschland, Österreich und der Schweiz. Du arbeitest direkt mit dem CEO / Gründer zusammen und treibst unsere Greenfield-Expansion vom ersten Lead bis zur Unterschrift. Dein Ziel: ein konstanter Strom hochwertiger Standorte, die wirtschaftlich und strategisch zu mitte passen – mit Tempo, Zahlenkompetenz und Verhandlungsgeschick. Deine Aufgaben: Pipeline-Aufbau & Lead Screening: Du baust eine belastbare Pipeline auf und führst fundierte Ersteinschätzungen durch – mit klaren Deal-KPIs, Fokus auf Demografie, Wettbewerb, Lagequalität und Machbarkeit. Finanzielle Bewertung: Du modellierst P&Ls, bewertest Umsatz- und Kostenpotenziale, schätzt CAPEX und Payback – mit Blick auf unser Ziel: EBITDA-positiv innerhalb kurzer Zeit. Verhandlung & Deal Closing: Du führst Verhandlungen mit Eigentümern und Maklern – zu Mietkonditionen, BKZ und Vertragslaufzeiten. Genehmigungen & rechtliche Machbarkeit: Du arbeitest eng mit externen Beratern zusammen, klärst baurechtliche Voraussetzungen und begleitest die rechtliche Prüfung. Investment-Freigaben: Du bereitest Investment-Proposal für das interne Committee auf, präsentierst Chancen und Risiken klar und überzeugend. Multi-Projektmanagement & Reporting: Du hältst parallel mehrere Deals auf Kurs – strukturiert, priorisiert und mit sauberem Pipeline-Reporting an das Management. Schnittstellen: Du sorgst für einen sauberen Übergang an Architektur, Construction und Launch und stimmst dich eng mit Finanzen, Operations und dem CEO ab. Das Besondere an dieser Rolle ist, dass… du den Wachstumsmotor von mitte direkt steuerst – jeder Deal, den du closest, ist ein Stück Unternehmensentwicklung. du echte Deal-Verantwortung trägst – vom Lead bis zur Unterschrift, mit klarer Ownership statt Schichten dazwischen. du an der Schnittstelle von Real Estate, Investment und Operator-Geschäft arbeitest – eine Kombination, die in DACH selten ist und genau das verlangt, was Top-Operatoren auszeichnet. du direkt mit dem Gründer / CEO zusammenarbeitest – mit kurzen Entscheidungswegen und echtem Gestaltungsspielraum. Qualifikation Deal- & Zahlenverständnis: Du bringst starke analytische Fähigkeiten mit, verstehst P&Ls, CAPEX-Analysen und kannst wirtschaftliche Machbarkeit fundiert bewerten. Verhandlungssicherheit: Du führst Deal-Gespräche souverän, findest Win-Win-Situationen und holst die besten Konditionen für unser Unternehmen heraus. Berufserfahrung: Mindestens 5 Jahre Erfahrung in einem transaktionsnahen Umfeld – z. B. bei einem Immobilienentwickler, in einer Top-Tier-Beratung, PE/VC, Investment-Banking, einem Expansionsteam oder als Senior Operator in einem skalierenden Unternehmen. Eigenständigkeit: Du managst dich selbst, brauchst keine Mikrosteuerung und treibst deine Deals mit Eigeninitiative voran. Kommunikationsstärke & Menschenkenntnis: Du überzeugst mit klarer, professioneller Kommunikation – egal ob beim Eigentümer, Architekten, Investor. Struktur & Drive: Du kannst viele Projekte gleichzeitig koordinieren, arbeitest fokussiert und verlierst nie den Blick fürs Wesentliche. Hands-on-Mentalität: Du gehst dahin, wo die Deals entstehen – mit Reisebereitschaft, unternehmerischem Denken und echter Umsetzungspower. Sprachen: Du kommunizierst sicher auf Deutsch und Englisch – schriftlich wie mündlich. Standort & Flexibilität: Du lebst in Berlin (oder bist bereit umzuziehen) und bringst Reisebereitschaft zu den (potenziellen neuen) Standorten mit. Company Building: Du hast Lust, aktiv am Aufbau von Europas führendem Padel-Operator mitzuwirken — mit Ideen, Initiative und echter Verantwortung. Nichts passiert, solang wir es nicht tun. Benefits Werde Teil einer Erfolgsgeschichte: Unser Ziel ist klar: Europas größter Padel-Operator zu werden. Du bist von Anfang an dabei – mit der Chance, echte Verantwortung zu übernehmen und diese Vision aktiv mitzugestalten. Zentrales Büro im Herzen Berlins: Ein Ort für produktives Arbeiten und offenen Austausch auf Augenhöhe. Snacks & Getränke stehen selbstverständlich bereit. Modernes Equipment: Du arbeitest mit einem MacBook und allem, was du brauchst, um produktiv zu sein. Arbeite direkt mit den Foundern: Du arbeitest eng mit unseren Foundern zusammen und bekommst aus erster Hand mit, wie Entscheidungen getroffen, Strukturen aufgebaut und Strategien entwickelt und umgesetzt werden. Entlohnung: Ein wettbewerbsfähiges Gehalt mit langfristigen Entwicklungsperspektiven. Sport & Wellbeing : Bei uns bekommst du regelmäßige Padel Matches auf unseren Courts - für deinen körperlichen Ausgleich und dein Wohlbefinden neben dem Arbeitsalltag. Find Jobs in Germany on Arbeitnow",False,['Business Development'],[],arbeitnow,Git
Geschäftsführer:in Hausverwaltung,Buena,Berlin,https://www.arbeitnow.com/jobs/companies/buena/geschaftsfuhrerin-hausverwaltung-berlin-285318,26-05-25,"Über Buena Buena macht alles rund um das Thema Immobilien so einfach und transparent wie den Kauf eines ETFs: Vom Finden, über das Kaufen, bis zum Finanzieren einer Wohnung. Dies erreichen wir, indem wir Hausverwaltungen in ganz Deutschland übernehmen und sie in Technologieunternehmen transformieren. In den letzten zwei Jahren sind wir so zum drittgrößten Immobilienverwalter Deutschlands aufgestiegen, und das mit weniger als 25 Vollzeit-Mitarbeitern in unserer Zentrale. Deine Rolle Als Geschäftsführer (m/w/d) übernimmst du die operative Gesamtverantwortung für unsere Hausverwaltung in Berlin. Du führst das Team vor Ort, optimierst die operativen Abläufe und gestaltest das Tagesgeschäft aktiv mit. Zudem repräsentierst du das Unternehmen gegenüber Kunden und sicherst die Verwaltungsqualität direkt in der Praxis. Aufgaben Operative Standortleitung und Verantwortung für das Tagesgeschäft der Niederlassung inklusive Budget, Kosten und Qualitätssicherung Souveräne Leitung von Eigentümerversammlungen (ETVs) sowie Betreuung von Beiräten und Eigentümern Fachliche und disziplinarische Führung, Steuerung und Motivation des bestehenden Teams sowie Verantwortung für den weiteren Personalaufbau Optimierung der bestehenden Strukturen durch den Aufbau klarer Abläufe, digitaler Prozesse und verlässlicher Zuständigkeiten im Team Operative Umsetzung von zentralen Initiativen vor Ort, insbesondere im Bereich der Digitalisierung und Qualitätssteigerung Qualifikation Operative Standortleitung und Verantwortung für das Tagesgeschäft der Niederlassung inklusive Budget, Kosten und Qualitätssicherung Souveräne Leitung von Eigentümerversammlungen (ETVs) sowie Betreuung von Beiräten und Eigentümern Fachliche und disziplinarische Führung, Steuerung und Motivation des bestehenden Teams sowie Verantwortung für den weiteren Personalaufbau Optimierung der bestehenden Strukturen durch den Aufbau klarer Abläufe, digitaler Prozesse und verlässlicher Zuständigkeiten im Team Operative Umsetzung von zentralen Initiativen vor Ort, insbesondere im Bereich der Digitalisierung und Qualitätssteigerung Benefits Sehr attraktives Gehalt + 10.000 € Sign-on-Bonus Dienstwagen auch zur privaten Nutzung für deine Einsätze Ganzheitliche Führungsrolle, inklusive Prokura und viel Gestaltungsspielraum Moderne Kultur mit flachen Hierarchien, schnellen Entscheidungswegen und bester technischer Ausstattung Starker Rückhalt durch ein bundesweites Netzwerk aus erfahrenen Kollegen und Experten Dein Bewerbungsprozess Ausfüllen eines kurzen Fragebogens zum Kennenlernen Gespräch mit Linus, unserem VP Property Management Gespräch mit Matthias, unserem Co-Founder & CCO Vor-Ort-Besuch im Headquarter in Berlin Gespräch mit unseren Gründern Din (CEO) und Jan (COO) Vertragsangebot & Unterschrift Find more English Speaking Jobs in Germany on Arbeitnow",False,"['Directors', 'Chief Executives']",['geschäftsleitung'],arbeitnow,Git
Finance and Administration Officer Germany (part-time; remote or in Munich),Solas Capital AG,Munich,https://www.arbeitnow.com/jobs/companies/solas-capital-ag/finance-and-administration-officer-germany-part-time-remote-or-in-munich-41973,26-05-25,"Solas Capital AG is an investment advisor founded by a leading team of sustainable finance investment professionals with experience in the fields of energy efficiency, renewable energy and infrastructure finance. Solas Capital’s goal is to support society’s transition to carbon neutrality by developing and managing sustainable finance products that have a double bottom-line investment objective. Located in Zurich and Munich, the company has a European outreach. To support the company’s continued growth, we are looking for a Finance and Administration Officer to join our Munich team. This is a permanent, 40% role in Germany working either remotely or based in our office in Munich . You will be reporting directly to the group’s COO. Tasks Day-to-day bookkeeping for the German and Swiss entities, working closely with external accountants in both jurisdictions Processing accounts payable and receivable, including invoice management and payment runs Supporting payroll coordination with external payroll providers Assisting with the preparation of management accounts and internal financial reporting Supporting the group's budgeting and liquidity monitoring processesGeneral administrative support across the group, including document management, correspondence, and coordination tasks as required Requirements Candidates must have: Solid hands-on bookkeeping or finance administration experience (minimum 2 years), ideally within a professional services or financial services environment Familiarity with standard accounting software and confident working with Excel Organised, detail-oriented working style with the ability to manage multiple tasks independently Discretion and integrity when handling sensitive and confidential information A hands-on, flexible approach to work, being comfortable taking on a varied range of tasks as priorities shift in a small, entrepreneurial environment Fluency in German and English, written and spoken German work permit or EU citizenship Candidates may also have: Experience working across multiple legal entities or jurisdictions Exposure to payroll processes in Germany or Switzerland Experience with DATEV, Bexio, or similar accounting platforms Benefits Collaborative international team with a positive, proactive culture European experts in energy efficiency and sustainable finance Direct impact on the European energy transition Broad and varied role with real ownership and responsibility Culture of inclusion that values each employee’s unique perspective Please submit applications in english. Find Jobs in Germany on Arbeitnow",False,['Finance'],['professional / experienced'],arbeitnow,Excel | API
Microsoft 365 Administrator (m/w/d),tprime IT GmbH,Augsburg,https://www.arbeitnow.com/jobs/companies/tprime-it-gmbh/microsoft-365-administrator-augsburg-467789,26-05-25,"tprime ist ein IT-Dienstleister aus Augsburg mit 12 Leuten und über 250 umgesetzten Projekten. Wir bauen IT-Strukturen für mittelständische Unternehmen mit 20 bis 250 Mitarbeitenden – und machen sie damit im Schnitt 32 % effizienter. Unser Kundenstamm wächst 2026 deutlich. Dafür brauchen wir jemanden, der Microsoft-365-Umgebungen sauber aufbaut, migriert und im laufenden Betrieb betreut. Du wärst der erste dedizierte M365-Admin im Team und baust diesen Bereich mit auf. Aufgaben - M365-Tenants für mehrere Kunden administrieren und optimieren – Exchange Online, SharePoint, Teams, Entra ID - Migrationen durchführen: On-Premise zu M365, Tenant-zu-Tenant, Hybrid-Setups - Intune, Conditional Access und DLP-Policies konfigurieren und dokumentieren - Standardisierte Deployment-Prozesse aufbauen, damit jedes neue Kunden-Onboarding reibungslos läuft - Technische Eskalationen aus dem Support übernehmen und lösen - Direkt mit unseren IT-Beratern und dem Support-Team zusammenarbeiten – kurze Wege, schnelle Abstimmung Qualifikation - Mindestens 2 Jahre Erfahrung in der Administration von Microsoft 365 Tenants - Fundierte Kenntnisse in Exchange Online, SharePoint Online, Teams Admin Center und Entra ID (Azure AD) - Erfahrung mit Intune/Endpoint Manager und Conditional Access - PowerShell für Automatisierung und Bulk-Operationen - Fließendes Deutsch – unsere Kundenkommunikation läuft komplett auf Deutsch - Englisch für technische Dokumentation und Microsoft-Ressourcen - Zertifizierungen (MS-102, AZ-104, AZ-500) sind ein Plus, kein Muss Benefits - Zertifizierungsbudget für Microsoft-Prüfungen – AZ-500, SC-300 oder was dich weiterbringt - Hybrides Arbeiten: Büro in Augsburg (Prinzregentenstr. 24) und Remote im Wechsel - Echte Kundenbeziehungen statt anonymer Ticket-Queue – du kennst die Unternehmen, die du betreust - Kurze Entscheidungswege in einem 12-Personen-Team – kein Konzern-Overhead - Modernes Equipment und aktueller Tech-Stack (M365, Azure, RMM-Tools) - Regelmäßige Team-Events – wir arbeiten hart und feiern das auch Find Jobs in Germany on Arbeitnow",False,['IT'],[],arbeitnow,Azure
Compliance Officer Germany (remote or in Munich),Solas Capital AG,Munich,https://www.arbeitnow.com/jobs/companies/solas-capital-ag/compliance-officer-germany-remote-or-in-munich-215589,26-05-25,"Solas Capital AG is an investment advisor founded by a leading team of sustainable finance investment professionals with experience in the fields of energy efficiency, renewable energy and infrastructure finance. Solas Capital’s goal is to support society’s transition to carbon neutrality by developing and managing sustainable finance products that have a double bottom-line investment objective. Located in Zurich and Munich, the company has a European outreach. To support the company’s continued growth, we are looking for a Compliance Officer to join our Munich team. This is a permanent, 80-100% role in Germany working either remotely or based in our office in Munich . You will be reporting directly to the Managing Director of our German subsidiary as well as the group’s COO. Tasks Serving as Compliance Officer (registered with BaFin) for the German MiFID-licensed entity, reporting to the Managing Director (Munich) and the Group COO (Zurich) Primary point of contact for the external Compliance Consultant of the Swiss parent entity (FINMA-regulated) Independent ownership of all compliance processes in day-to-day operations Maintaining and developing the internal compliance framework (policies, manuals, guidelines) KYC and AML checks for investors and business partners (German Anti-Money Laundering Act / GwG) Planning and delivering internal compliance training Regulatory reporting to BaFin and other relevant authorities Coordinating and managing external regulatory and statutory audits, including preparation of required documentation and resolution of audit findings Supporting the internal audit function by providing information, documentation and evidence as requested Preparation and documentation of board and supervisory board meetings Possible extended scope (not essential - depending on experience) Contributing to the creation and updating of fund documentation (PPM, subscription agreements, constitutional documents) Supporting waiver processes and amendment procedures for existing fund documents Assisting with the legal structuring of new fund vehicles in coordination with external counsel Requirements Candidates must have: Minimum 5 years of hands-on compliance experience at a BaFin-regulated institution (MiFID, WpIG, KWG or equivalent) Solid knowledge of German compliance requirements: MiFID II, AML/KYC (GwG), regulatory reporting Experience in the role or in establishing the function of a Compliance Officer Fluency in German and English, written and spoken Self-directed, structured working style, suited to a lean team without a dedicated compliance department Comfortable working in a small, international, entrepreneurial team and taking ownership of a broad range of tasks German work permit or EU citizenship Candidates may also have: Legal background (degree or professional qualification) in alternative investments, capital markets law, or fund law) Experience drafting or reviewing fund documentation and handling waiver and amendment processes Knowledge of relevant EU frameworks: AIFMD, SFDR, ELTIF Regulation Familiarity with fund vehicles (e.g. Luxembourg, Ireland) or cross-border EU fund distribution Exposure to sustainable finance regulation (SFDR Article 8/9, EU Taxonomy)Knowledge of Swiss FINMA regulation (FINIG/FINMAG) is a plus, but not required Benefits Collaborative international team with a positive, proactive culture European experts in energy efficiency and sustainable finance Direct impact on the European energy transition Broad and varied role with real ownership and responsibility Culture of inclusion that values each employee’s unique perspective Please submit applications in english. Find more English Speaking Jobs in Germany on Arbeitnow",False,"['Compliance', 'Security']",['professional / experienced'],arbeitnow,API
"Qualitätstechniker (Messtechnik) - (m/w/d) | Region: Ostschweiz, Schweiz",CONCAPE,Ulm,https://www.arbeitnow.com/jobs/companies/concape/qualitatstechniker-messtechnik-region-ostschweiz-schweiz-ulm-52322,26-05-25,"Du übernimmst die ganzheitliche Verantwortung für die dimensionelle Qualität in einem hochpräzisen Fertigungsumfeld – von der KMG-Programmentwicklung bis zur messtechnischen Gesamtstrategie. An der Schnittstelle von Messtechnik, Fertigungstechnik und Lieferantenqualität stellst du sicher, dass komplexe High-Tech-Komponenten engste geometrische Toleranzen einhalten. Du überführst CAD-basierte Prüfkonzepte in robuste, automatisierte Messprogramme und treibst aktiv den kontinuierlichen Verbesserungsprozess in der Fertigung und entlang der Lieferkette voran. Aufgaben Du verantwortest die Offline-Erstellung und Optimierung von KMG-Messprogrammen (Mitutoyo) auf Basis von CAD-Modellen. Du führst taktile und scannende 3D-Messungen durch und stellst sicher, dass Operateure diese Messungen fachgerecht und eigenständig ausführen können. Du begleitest Abweichungs- und Verbesserungsprozesse und gibst Mess- sowie Prozessunterstützung in der eigenen Fertigung und bei Lieferanten. Du förderst Teamarbeit und Erfahrungsaustausch in der Mess- und Fertigungstechnik über alle Bereiche hinweg. Du unterstützt bei der Neuprodukteinführung, erstellst produktspezifische Fertigungsprüfpläne und führst Erstmessungen durch. Du wendest statistische Methoden (SPC) mithilfe geeigneter Tools und Software (Q-DAS) an, um Fertigungsprozesse zu steuern und kontinuierlich zu verbessern Qualifikation Mehrjährige Erfahrung in der Koordinatenmesstechnik und KMG-Programmierung, idealerweise auf Mitutoyo-Systemen, einschließlich optischer Prüfsysteme Sicheres Lesen technischer Zeichnungen mit Form- und Lagetoleranzen (GD&T) Technische Grundausbildung und Praxiserfahrung in der Zerspanung sowie Materialkenntnisse, insbesondere Aluminium und Chromstahl Gute Kenntnisse relevanter Messnormen; Weiterbildung im Bereich ISO GPS von Vorteil Ausgeprägte Teamfähigkeit und bereichsübergreifende Zusammenarbeit; sehr gute Deutschkenntnisse, gute Englischkenntniss Hoher Grad an Selbstständigkeit sowie fachliche Unterstützung und Anleitung von KMG-Operateuren Erfahrung im Bereich Model Based Definition (MBD) von Vorteil Wir bei CONCAPE begleiten Sie durch den gesamten Einstellungsprozess, vom ersten Kontakt bis zur Vertragsunterzeichnung direkt mit dem Kunden, einschließlich Umzugshilfe für Nichtansässige. Find more English Speaking Jobs in Germany on Arbeitnow",False,['Engineering'],[],arbeitnow,
Requirements Engineer & Developer - Digital Microscopy (m/f/d),EVIDENT Europe GmbH,Münster,https://www.arbeitnow.com/jobs/companies/evident-europe-gmbh/requirements-engineer-developer-digital-microscopy-munster-381177,26-05-25,"Evident Technology Center Europe GmbH (ETCE), based in Münster, Germany, has been developing and producing intelligent software and hardware solutions for microscopy as a global ""Center of Excellence"" for over 35 years. Originally, ETCE was part of Olympus Corporation. Olympus spun off the business unit in April 2022 and transferred the business activities of its Scientific Solutions division to the newly founded, independent company Evident. Headquartered in Tokyo, Japan, Evident employs around 4,500 people at a total of 57 locations worldwide, where it develops, produces and distributes Olympus brand products and is constantly expanding its product portfolio. Evident offers a wide range of microscopy systems for clinical diagnostics, life science research and industrial applications. In addition, Evident develops and produces videoscopes, products for non-destructive material testing and devices for X-ray fluorescence analysis. You will join an experienced agile development team working on the SLIDEVIEW VS200, a high-end automated slide-scanning and digital microscopy system used in life-science research and medical diagnostics (IVD). This position combines classic requirements engineering with hands-on software development. You will analyze and document technical requirements – and independently deliver new functionality into our products. Within the Scrum team, you act as both a bridge builder and an active contributor to the software. Tasks Eliciting, analyzing, and documenting requirements for software solutions in the field of life-science research and medical diagnostics Translating domain requirements into user stories and acceptance criteria, and maintaining the product backlog together with the Product Owner Acting as the interface between scientists, application specialists, and software developers Independently implementing product functionality within the Scrum team – from requirement to finished feature Close technical collaboration with the development team throughout the entire implementation process Active participation in Scrum sprints including Sprint Planning, Daily Standup, Review, and Retrospective Creating and maintaining technical documentation and interface specifications Requirements Degree in natural science, computer science, or a related field Experience in requirements engineering or a comparable bridging role between domain and software development IREB Certified Professional for Requirements Engineering (CPRE) certification is desirable Programming skills ideally in C++, C#, or Rust – you actively contribute functionality to our products Familiarity with agile methods, ideally with hands-on Scrum experience Strong analytical mindset and the ability to translate complex scientific topics into precise software requirements Very good English and good German language skills Benefits Flexible working hours, incl. mobile work 30 days of holiday time each year 13 salaries a year Regular training courses Extensive company pension scheme Job bike Preventive healthcare, free beverages & fresh fruit and vegetables daily Joint company events and activities Interesting, diversified field of activity in an international working environment Evident Europe GmbH is an equal opportunities employer and we look forward to receiving your application. Find more English Speaking Jobs in Germany on Arbeitnow",False,"['Consulting', 'Engineering']",['professional / experienced'],arbeitnow,Excel | Git
Teamleiter Deponieplanung und Abfallwirtschaft (m/w/d),SIERA Alliance,Karlsruhe,https://www.arbeitnow.com/jobs/companies/siera-alliance/teamleiter-deponieplanung-und-abfallwirtschaft-karlsruhe-454150,26-05-25,"Rund 800 Mitarbeiterinnen und Mitarbeiter arbeiten in der SIERA Alliance an der Vision für eine bessere Zukunft in den Bereichen Umweltschutz und Klima, Wasser und Ökosysteme, Kreislaufwirtschaft, städtische Nachhaltigkeit und Infrastruktur sowie Impact-Technologie. Die Ingenieurgesellschaft Prof. Czurda und Partner mbH (ICP) ist ein führendes mittelständisches Ingenieurbüro mit Hauptsitz in Karlsruhe in den Bereichen Abfallwirtschaft, Deponietechnik, Altlastensanierung und Geotechnik. Zur nachhaltigen Weiterentwicklung unseres Teams suchen wir eine fachlich versierte und führungsstarke Persönlichkeit als Team Leader (m/w/d) am Standort Karlsruhe. Aufgaben Deine Aufgaben: Fachliche Verantwortung Leitung und Steuerung von Projekten im Bereich Deponieplanung, Tiefbau und Entwässerungsplanung Durchführung von Machbarkeitsstudien und Due-Diligence-Prüfungen Planung, Konzeption und Koordination komplexer Infrastruktur- und Abfallprojekte Bewertung rechtlicher, technischer, sozioökonomischer und umweltrelevanter Rahmenbedingungen Begleitung von Genehmigungsverfahren Ausschreibung, Angebotsvergleich und Vertragsverhandlungen Bauüberwachung bzw. Organisation der Bauüberwachung Entwicklung von Finanzierungs- und Betreiberkonzepten im Kontext Kreislaufwirtschaft Zusammenarbeit mit Behörden, Auftraggebern, internationalen Partnern und Finanzierungsinstitutionen Führungsverantwortung: Fachliche und disziplinarische Leitung des Teams in Karlsruhe Weiterentwicklung und Motivation der Mitarbeitenden Kapazitätsplanung und Ressourcensteuerung Sicherstellung von Qualität, Terminen und Wirtschaftlichkeit Strategische Weiterentwicklung des Fachbereichs Abfallwirtschaft & Deponietechnik Förderung einer konstruktiven, teamorientierten Zusammenarbeit vor Ort Qualifikation Dein Profil: Abgeschlossenes Studium im Bereich Bauingenieurwesen, Umwelttechnik oder vergleichbar Mindestens 8–10 Jahre relevante Berufserfahrung in Deponieplanung, Abfallwirtschaft oder Tiefbau Erfahrung in der Leitung komplexer Projekte Idealerweise Erfahrung im Betrieb von Abfallentsorgungsanlagen Kenntnisse im nachhaltigen Ressourcenmanagement und Kreislaufwirtschaft Sicherer Umgang mit relevanten Regelwerken (DWA, DIN, VOB, HOAI) Erfahrung mit CAD- und Planungssoftware (z. B. AutoCAD, Civil 3D) Verhandlungssichere Deutschkenntnisse sowie gute Englischkenntnisse Reisebereitschaft (projektbezogen) Persönlich überzeugst Du durch: Führungskompetenz und Entscheidungsstärke Ausgeprägte Kommunikationsfähigkeit Unternehmerisches Denken Strukturierte und lösungsorientierte Arbeitsweise Hohe soziale Kompetenz und Teamorientierung Benefits Was wir Dir bieten: Verantwortungsvolle Führungsrolle mit Gestaltungsspielraum Spannende nationale und internationale Projekte Flache Hierarchien in einer familiengeführten Unternehmensgruppe Flexible Arbeitszeiten Moderne Arbeitsumgebung Individuelle Entwicklungs- und Weiterbildungsmöglichkeiten Corporate Benefits & Mitarbeiter-werben-Mitarbeiter-Programm Find Jobs in Germany on Arbeitnow",False,['Engineering'],['teamleitung'],arbeitnow,
Circular Economy Consultant,SIERA Alliance,Karlsruhe,https://www.arbeitnow.com/jobs/companies/siera-alliance/circular-economy-consultant-karlsruhe-165960,26-05-25,"Rund 800 Mitarbeiterinnen und Mitarbeiter arbeiten in der SIERA Alliance an der Vision für eine bessere Zukunft in den Bereichen Umweltschutz und Klima, Wasser und Ökosysteme, Kreislaufwirtschaft, städtische Nachhaltigkeit und Infrastruktur sowie Impact-Technologie. Die Ingenieurgesellschaft Prof. Czurda und Partner mbH (ICP) ist ein führendes mittelständisches Ingenieurbüro in den Bereichen Abfallwirtschaft, Deponietechnik, Altlastensanierung und Geotechnik mit dem Hauptsitz in Karlsruhe. Aufgaben Das sind deine Aufgaben: Durchführung von Machbarkeitsstudien Durchführung von Due-Diligence-Prüfungen von Anlagen Bewertung der rechtlichen, sozioökonomischen und umweltrelevanten Rahmenbedingungen von Abfallprojekten, vom Konzeptentwurf bis zur Umsetzung Ausschreibung von Projekten, Angebotsvergleich sowie Führung von Vertragsverhandlungen Bauüberwachung bzw. Organisation der Bauüberwachung bei der Projektumsetzung Entwicklung und Ausarbeitung von Finanzierungsmodelle Qualifikation Das bringst Du mit: Studium im Bereich Umwelttechnik oder einem vergleichbaren Fachgebiet. Erfahrung in der Abfallwirtschaft von Vorteil Reisebereitschaft sowie fließende Deutsch- und Englischkenntnisse erforderlichWünschenswerte Zusatzqualifikationen für Deutschland, international jedoch zwingend erforderlich: Erfahrung im Betrieb von Abfallentsorgungsanlagen Beratungserfahrung im Bereich Abfallwirtschaft Beratung zu nachhaltigem Ressourcenmanagement und Kreislaufwirtschaft Erfahrung in Projekten mit internationalen Finanzierungsinstitutionen (z. B. KfW, GIZ, ADB etc.) Find more English Speaking Jobs in Germany on Arbeitnow",False,['Engineering'],['berufserfahren'],arbeitnow,
Artist Manager / Influencer Manager (m/w/d),Lionflence,Mülheim,https://www.arbeitnow.com/jobs/companies/lionflence/artist-manager-influencer-manager-mulheim-266664,26-05-25,"Was wir Dir bieten: Eine spannende Herausforderung, in der du dich weiterentwickeln kannst, rundum den Bereich Artistmanagement Medien/Social Media, Influencer Marketing und den dazugehörigen Technologien (Software Systeme) Perfekt abgestimmte selbst entwickelte Softwaresysteme für dich als Artistmanager/in und für deine Artists Eine verantwortungsvolle Position in einem engagierten Team Eigenverantwortliches Arbeiten Freiraum zum aktiven Gestalten durch flache Hierarchien und flexible Strukturen Ein vielseitiges, anspruchsvolles und spannendes Aufgabengebiet mit renommierten Kunden So sieht Work-Life-Balance aus: 30 Tage Urlaub Konstruktives Feedback wird gerne gesehen Unsere Firmenkultur hat offene Türen & Ohren, coole Kolleg*innen und Spaß bei der Arbeit Ein hochmotiviertes, leistungsfähiges Team, welches gemeinsam arbeitet - aber auch gerne gemeinsame Erfolge feiert. Mitgestalten statt nur mitschwimmen - aktive Mitarbeit an fachlichen und kulturellen Themen die auch über den Tellerand hinausgehen Eine spannende Herausforderung, in der du dich weiterentwickeln kannst, rundum den Bereich Medien/Social Media, Influencer Marketing und den dazugehörigen Technologien (Software Systeme) Firmenhandy Firmenlaptop Aufgaben Welche Aufgaben hättest Du? Du bist erster Ansprechpartner für unsere internen Talente Du unterstützt bei der Suche nach neuen Kooperationspartnern, erstellst neue Angebote und bearbeitest eingehende Anfragen Du zeigst dein Verhandlungsgeschick bei Verträgen sowie bei Preisverhandlungen mit Anbietern und Dienstleistern (Kooperationspartnern) Du entwickelst zusammen mit den Talents Konzepte wie auch Content-Formate und unterstützt sie bei der Realisierung Du fungierst als Schnittstelle zwischen den Talents und unseren Partnern, planst ihren Einsatz und sorgst für ihr Wohlbefinden Du identifizierst und akquirierst mögliche neue Talente für bestehende und zukünftige Formate und Sendungen Gemeinsam helfen wir ihnen, zukunftsorientiert zu arbeiten und schaffen neue Möglichkeiten über das Artist dasein hinaus Qualifikation Das bringst Du mit: mind. 1-3 Jahre Erfahrung im Bereich Influencer Marketing, Online Marketing z.B. in einer Digital, Social Media oder PR-Agentur Interesse und Gespür für neueste Digital- & Konsumententrends Sicherer Umgang mit allen gängigen Social Media Netzwerken und Online-Communities Idealerweise bereits Erfahrung in der Umsetzung und/oder der Konzeption von Social Media und Influencer Marketing Kampagnen Hohe Kreativität und Motivation Fließende Deutschkenntnisse und Englischkenntnisse in Wort und Schrift Über uns: Die Lionflence ist ein junges Unternehmen, welches sich auf Online Marketing, sowie Management spezialisiert hat. Aktuell ist der Hauptsitz in Mülheim an der Ruhr und Berlin gehört seit August 2022 dazu. Zudem unterstützen wir Unternehmen im Bereich Markenaufbau und entwickeln eigene Softwaresysteme. Es erwartet Dich ein erfolgreiches Unternehmen mit flachen Hierarchien. Als Circle-of-Marketing bieten wir Kunden ein umfassendes 360°-Dienstleistungspaket und somit auch Services, die über die gewohnten Dienstleistungen einer Marketing-Agentur hinausgehen.Unser idealer Kandidat ist ein Teamplayer mit ausgeprägten Fähigkeiten im Bereich zwischenmenschlicher Kommunikation und verfügt über praktische Erfahrung.Du hast ein starkes Interesse Artists zu betreuen und möchtest ab sofort spannende Aufgaben in dem Bereich Artist Management übernehmen?Du organisierst leidenschaftlich gerne und bist ein aufgeschlossener Mensch? Dann könntest du perfekt zu uns passen! Find more English Speaking Jobs in Germany on Arbeitnow",False,['Marketing and Communication'],[],arbeitnow,Git
Trainee Artist Manager / Influencer Manager (m/w/d),Lionflence,Mülheim,https://www.arbeitnow.com/jobs/companies/lionflence/trainee-artist-manager-influencer-manager-mulheim-454483,26-05-25,"Was wir Dir bieten: Eine spannende Herausforderung, in der du dich weiterentwickeln kannst, rundum den Bereich Artistmanagement Medien/Social Media, Influencer Marketing und den dazugehörigen Technologien (Software Systeme) Perfekt abgestimmte selbst entwickelte Softwaresysteme für dich als Artistmanager/in und für deine Artists Eine verantwortungsvolle Position in einem engagierten Team Eigenverantwortliches Arbeiten Freiraum zum aktiven Gestalten durch flache Hierarchien und flexible Strukturen Ein vielseitiges, anspruchsvolles und spannendes Aufgabengebiet mit renommierten Kunden So sieht Work-Life-Balance aus: 30 Tage Urlaub Konstruktives Feedback wird gerne gesehen Unsere Firmenkultur hat offene Türen & Ohren, coole Kolleg*innen und Spaß bei der Arbeit Ein hochmotiviertes, leistungsfähiges Team, welches gemeinsam arbeitet - aber auch gerne gemeinsame Erfolge feiert. Mitgestalten statt nur mitschwimmen - aktive Mitarbeit an fachlichen und kulturellen Themen die auch über den Tellerand hinausgehen Eine spannende Herausforderung, in der du dich weiterentwickeln kannst, rundum den Bereich Medien/Social Media, Influencer Marketing und den dazugehörigen Technologien (Software Systeme) Firmenhandy Firmenlaptop Aufgaben Welche Aufgaben hättest Du? Du unterstützt bei der Absprache unserer internen Talente Du unterstützt bei der Suche nach neuen Kooperationspartnern Du lernst im Verlauf der Zusammenarbeit, wie Anfragen und Angebote gestellt werden Du lernst alles über Preisverhandlungen und Preise im Markt, darüber hinaus erhältst du erste Möglichkeiten dein Verhandlungsgeschick unter Beweis zustellen ( in Absprache) sowie erste bei Preisverhandlungen mit Anbietern und Dienstleistern (Kooperationspartnern) Du lernst alles über Vertragsgestaltungen in dieser Branche und ihre stolperfallen und beginnst erste Verträge zu kontrollieren. Du unterstützt die Artistmanager zu Konzepte wie auch Content-Formate für Talents und hilfst dabei diese zu realisieren Du fungierst als Schnittstelle zwischen den Talents und unseren Partnern, planst ihren Einsatz und sorgst für ihr Wohlbefinden Du identifizierst und akquirierst mögliche neue Kooperationspartnern und zukünftige Formate und Sendungen im ersten Jahr wirst du eine zuarbeitende Rolle einnehmen und je nach Entwicklung wirst du langsam herangebracht. Qualifikation Das bringst Du mit: mind. Praktkum, Werkstudium und/oder Ausbildung im Bereich Influencer Marketing, Online Marketing z.B. in einer Digital, Social Media oder PR-Agentur Interesse und Gespür für neueste Digital- & Konsumententrends Sicherer Umgang mit allen gängigen Social Media Netzwerken und Online-Communities Idealerweise bereits Erfahrung in der Umsetzung und/oder der Konzeption von Social Media und Influencer Marketing Kampagnen Hohe Kreativität und Motivation Fließende Deutschkenntnisse und Englischkenntnisse in Wort und Schrift Über uns: Die Lionflence ist ein junges Unternehmen, welches sich auf Online Marketing, sowie Management spezialisiert hat. Aktuell ist der Hauptsitz in Mülheim an der Ruhr und Berlin gehört seit August 2022 dazu. Zudem unterstützen wir Unternehmen im Bereich Markenaufbau und entwickeln eigene Softwaresysteme. Es erwartet Dich ein erfolgreiches Unternehmen mit flachen Hierarchien. Als Circle-of-Marketing bieten wir Kunden ein umfassendes 360°-Dienstleistungspaket und somit auch Services, die über die gewohnten Dienstleistungen einer Marketing-Agentur hinausgehen.Unser idealer Kandidat ist ein Teamplayer mit ausgeprägten Fähigkeiten im Bereich zwischenmenschlicher Kommunikation und verfügt über praktische Erfahrung.Du hast ein starkes Interesse Artists zu betreuen und möchtest ab sofort spannende Aufgaben in dem Bereich Artist Management übernehmen?Du organisierst leidenschaftlich gerne und bist ein aufgeschlossener Mensch? Dann könntest du perfekt zu uns passen! Find Jobs in Germany on Arbeitnow",False,"['Training', 'Development']",['hilfstätigkeit / student'],arbeitnow,Git
Trainee Artist Manager / Influencer Manager (m/w/d),Lionflence,Berlin,https://www.arbeitnow.com/jobs/companies/lionflence/trainee-artist-manager-influencer-manager-berlin-459385,26-05-25,"Was wir Dir bieten: Eine spannende Herausforderung, in der du dich weiterentwickeln kannst, rundum den Bereich Artistmanagement Medien/Social Media, Influencer Marketing und den dazugehörigen Technologien (Software Systeme) Perfekt abgestimmte selbst entwickelte Softwaresysteme für dich als Artistmanager/in und für deine Artists Eine verantwortungsvolle Position in einem engagierten Team Eigenverantwortliches Arbeiten Freiraum zum aktiven Gestalten durch flache Hierarchien und flexible Strukturen Ein vielseitiges, anspruchsvolles und spannendes Aufgabengebiet mit renommierten Kunden So sieht Work-Life-Balance aus: 30 Tage Urlaub Konstruktives Feedback wird gerne gesehen Unsere Firmenkultur hat offene Türen & Ohren, coole Kolleg*innen und Spaß bei der Arbeit Ein hochmotiviertes, leistungsfähiges Team, welches gemeinsam arbeitet - aber auch gerne gemeinsame Erfolge feiert. Mitgestalten statt nur mitschwimmen - aktive Mitarbeit an fachlichen und kulturellen Themen die auch über den Tellerand hinausgehen Eine spannende Herausforderung, in der du dich weiterentwickeln kannst, rundum den Bereich Medien/Social Media, Influencer Marketing und den dazugehörigen Technologien (Software Systeme) Firmenhandy Firmenlaptop Aufgaben Welche Aufgaben hättest Du? Du unterstützt bei der Absprache unserer internen Talente Du unterstützt bei der Suche nach neuen Kooperationspartnern Du lernst im Verlauf der Zusammenarbeit, wie Anfragen und Angebote gestellt werden Du lernst alles über Preisverhandlungen und Preise im Markt, darüber hinaus erhältst du erste Möglichkeiten dein Verhandlungsgeschick unter Beweis zustellen ( in Absprache) sowie erste bei Preisverhandlungen mit Anbietern und Dienstleistern (Kooperationspartnern) Du lernst alles über Vertragsgestaltungen in dieser Branche und ihre stolperfallen und beginnst erste Verträge zu kontrollieren. Du unterstützt die Artistmanager zu Konzepte wie auch Content-Formate für Talents und hilfst dabei diese zu realisieren Du fungierst als Schnittstelle zwischen den Talents und unseren Partnern, planst ihren Einsatz und sorgst für ihr Wohlbefinden Du identifizierst und akquirierst mögliche neue Kooperationspartnern und zukünftige Formate und Sendungen im ersten Jahr wirst du eine zuarbeitende Rolle einnehmen und je nach Entwicklung wirst du langsam herangebracht. Qualifikation Das bringst Du mit: mind. Praktkum, Werkstudium und/oder Ausbildung im Bereich Influencer Marketing, Online Marketing z.B. in einer Digital, Social Media oder PR-Agentur Interesse und Gespür für neueste Digital- & Konsumententrends Sicherer Umgang mit allen gängigen Social Media Netzwerken und Online-Communities Idealerweise bereits Erfahrung in der Umsetzung und/oder der Konzeption von Social Media und Influencer Marketing Kampagnen Hohe Kreativität und Motivation Fließende Deutschkenntnisse und Englischkenntnisse in Wort und Schrift Über uns: Die Lionflence ist ein junges Unternehmen, welches sich auf Online Marketing, sowie Management spezialisiert hat. Aktuell ist der Hauptsitz in Mülheim an der Ruhr und Berlin gehört seit August 2022 dazu. Zudem unterstützen wir Unternehmen im Bereich Markenaufbau und entwickeln eigene Softwaresysteme. Es erwartet Dich ein erfolgreiches Unternehmen mit flachen Hierarchien. Als Circle-of-Marketing bieten wir Kunden ein umfassendes 360°-Dienstleistungspaket und somit auch Services, die über die gewohnten Dienstleistungen einer Marketing-Agentur hinausgehen.Unser idealer Kandidat ist ein Teamplayer mit ausgeprägten Fähigkeiten im Bereich zwischenmenschlicher Kommunikation und verfügt über praktische Erfahrung.Du hast ein starkes Interesse Artists zu betreuen und möchtest ab sofort spannende Aufgaben in dem Bereich Artist Management übernehmen?Du organisierst leidenschaftlich gerne und bist ein aufgeschlossener Mensch? Dann könntest du perfekt zu uns passen! Find Jobs in Germany on Arbeitnow",False,"['Training', 'Development']",['hilfstätigkeit / student'],arbeitnow,Git
Artist Manager / Influencer Manager (m/w/d) BERLIN,Lionflence,Berlin,https://www.arbeitnow.com/jobs/companies/lionflence/artist-manager-influencer-manager-berlin-490386,26-05-25,"Was wir Dir bieten: Eine spannende Herausforderung, in der du dich weiterentwickeln kannst, rundum den Bereich Artistmanagement Medien/Social Media, Influencer Marketing und den dazugehörigen Technologien (Software Systeme) Perfekt abgestimmte selbst entwickelte Softwaresysteme für dich als Artistmanager/in und für deine Artists Eine verantwortungsvolle Position in einem engagierten Team Eigenverantwortliches Arbeiten Freiraum zum aktiven Gestalten durch flache Hierarchien und flexible Strukturen Ein vielseitiges, anspruchsvolles und spannendes Aufgabengebiet mit renommierten Kunden So sieht Work-Life-Balance aus: 30 Tage Urlaub Konstruktives Feedback wird gerne gesehen Unsere Firmenkultur hat offene Türen & Ohren, coole Kolleg*innen und Spaß bei der Arbeit Ein hochmotiviertes, leistungsfähiges Team, welches gemeinsam arbeitet - aber auch gerne gemeinsame Erfolge feiert. Mitgestalten statt nur mitschwimmen - aktive Mitarbeit an fachlichen und kulturellen Themen die auch über den Tellerand hinausgehen Eine spannende Herausforderung, in der du dich weiterentwickeln kannst, rundum den Bereich Medien/Social Media, Influencer Marketing und den dazugehörigen Technologien (Software Systeme) Firmenhandy Firmenlaptop Du arbeitest mit den neusten System, die Inhouse entwickelt wurden. Dazu gehören z.b Hiimia und unser eigenes Management System Aufgaben Welche Aufgaben hättest Du? Du bist erster Ansprechpartner für unsere internen Talente Du unterstützt bei der Suche nach neuen Kooperationspartnern, erstellst neue Angebote und bearbeitest eingehende Anfragen Du zeigst dein Verhandlungsgeschick bei Verträgen sowie bei Preisverhandlungen mit Anbietern und Dienstleistern (Kooperationspartnern) Du entwickelst zusammen mit den Talents Konzepte wie auch Content-Formate und unterstützt sie bei der Realisierung Du fungierst als Schnittstelle zwischen den Talents und unseren Partnern, planst ihren Einsatz und sorgst für ihr Wohlbefinden Du identifizierst und akquirierst mögliche neue Talente für bestehende und zukünftige Formate und Sendungen Gemeinsam helfen wir ihnen, zukunftsorientiert zu arbeiten und schaffen neue Möglichkeiten über das Artist dasein hinaus Qualifikation Das bringst Du mit: mind. 1-3 Jahre Erfahrung im Bereich Influencer Marketing, Online Marketing z.B. in einer Digital, Social Media oder PR-Agentur Interesse und Gespür für neueste Digital- & Konsumententrends Sicherer Umgang mit allen gängigen Social Media Netzwerken und Online-Communities Idealerweise bereits Erfahrung in der Umsetzung und/oder der Konzeption von Social Media und Influencer Marketing Kampagnen Hohe Kreativität und Motivation Fließende Deutschkenntnisse und Englischkenntnisse in Wort und Schrift Über uns: Die Lionflence ist ein Unternehmen, welches sich auf Online Marketing, sowie Management spezialisiert hat. Aktuell ist der Hauptsitz in Mülheim an der Ruhr und wir sind auch in Berlin Spandau vertreten. (Eiswerderinsel) Zudem unterstützen wir Unternehmen im Bereich Markenaufbau und entwickeln eigene Softwaresysteme. Es erwartet Dich ein erfolgreiches Unternehmen mit flachen Hierarchien. Als Circle-of-Marketing bieten wir Kunden ein umfassendes 360°-Dienstleistungspaket und somit auch Services, die über die gewohnten Dienstleistungen einer Marketing-Agentur hinausgehen.Unser idealer Kandidat ist ein Teamplayer mit ausgeprägten Fähigkeiten im Bereich zwischenmenschlicher Kommunikation und verfügt über praktische Erfahrung.Du hast ein starkes Interesse Artists zu betreuen und möchtest ab sofort spannende Aufgaben in dem Bereich Artist Management übernehmen?Du organisierst leidenschaftlich gerne und bist ein aufgeschlossener Mensch? Dann könntest du perfekt zu uns passen! Find more English Speaking Jobs in Germany on Arbeitnow",False,['Marketing and Communication'],[],arbeitnow,Git
Junior Artist Manager / Influencer Manager (m/w/d),Lionflence,Berlin,https://www.arbeitnow.com/jobs/companies/lionflence/junior-artist-manager-influencer-manager-berlin-245567,26-05-25,"Was wir Dir bieten: Eine spannende Herausforderung, in der du dich weiterentwickeln kannst, rundum den Bereich Artistmanagement Medien/Social Media, Influencer Marketing und den dazugehörigen Technologien (Software Systeme) Perfekt abgestimmte selbst entwickelte Softwaresysteme für dich als Artistmanager/in und für deine Artists Eine verantwortungsvolle Position in einem engagierten Team Eigenverantwortliches Arbeiten Freiraum zum aktiven Gestalten durch flache Hierarchien und flexible Strukturen Ein vielseitiges, anspruchsvolles und spannendes Aufgabengebiet mit renommierten Kunden So sieht Work-Life-Balance aus: 30 Tage Urlaub Konstruktives Feedback wird gerne gesehen Unsere Firmenkultur hat offene Türen & Ohren, coole Kolleg*innen und Spaß bei der Arbeit Ein hochmotiviertes, leistungsfähiges Team, welches gemeinsam arbeitet - aber auch gerne gemeinsame Erfolge feiert. Mitgestalten statt nur mitschwimmen - aktive Mitarbeit an fachlichen und kulturellen Themen die auch über den Tellerand hinausgehen Eine spannende Herausforderung, in der du dich weiterentwickeln kannst, rundum den Bereich Medien/Social Media, Influencer Marketing und den dazugehörigen Technologien (Software Systeme) Firmenhandy Firmenlaptop Aufgaben Welche Aufgaben hättest Du? Du unterstützt bei der Absprache unserer internen Talente Du unterstützt bei der Suche nach neuen Kooperationspartnern, erstellst neue Angebote und bearbeitest eingehende Anfragen Du arbeitest an deinem Verhandlungsgeschick bei Verträgen sowie bei Preisverhandlungen mit Anbietern und Dienstleistern (Kooperationspartnern) Du unterstützt die Artistmanager zu Konzepte wie auch Content-Formate für Talents und hilfst dabei diese zu realisieren Du fungierst als Schnittstelle zwischen den Talents und unseren Partnern, planst ihren Einsatz und sorgst für ihr Wohlbefinden Du identifizierst und akquirierst mögliche neue Kooperationspartnern und zukünftige Formate und Sendungen Qualifikation Das bringst Du mit: mind. 1 Jahr Erfahrung im Bereich Influencer Marketing, Online Marketing z.B. in einer Digital, Social Media oder PR-Agentur Interesse und Gespür für neueste Digital- & Konsumententrends Sicherer Umgang mit allen gängigen Social Media Netzwerken und Online-Communities Idealerweise bereits Erfahrung in der Umsetzung und/oder der Konzeption von Social Media und Influencer Marketing Kampagnen Hohe Kreativität und Motivation Fließende Deutschkenntnisse und Englischkenntnisse in Wort und Schrift Über uns: Die Lionflence ist ein junges Unternehmen, welches sich auf Online Marketing, sowie Management spezialisiert hat. Aktuell ist der Hauptsitz in Mülheim an der Ruhr und Berlin gehört seit August 2022 dazu. Zudem unterstützen wir Unternehmen im Bereich Markenaufbau und entwickeln eigene Softwaresysteme. Es erwartet Dich ein erfolgreiches Unternehmen mit flachen Hierarchien. Als Circle-of-Marketing bieten wir Kunden ein umfassendes 360°-Dienstleistungspaket und somit auch Services, die über die gewohnten Dienstleistungen einer Marketing-Agentur hinausgehen.Unser idealer Kandidat ist ein Teamplayer mit ausgeprägten Fähigkeiten im Bereich zwischenmenschlicher Kommunikation und verfügt über praktische Erfahrung.Du hast ein starkes Interesse Artists zu betreuen und möchtest ab sofort spannende Aufgaben in dem Bereich Artist Management übernehmen?Du organisierst leidenschaftlich gerne und bist ein aufgeschlossener Mensch? Dann könntest du perfekt zu uns passen! Find more English Speaking Jobs in Germany on Arbeitnow",False,['Marketing and Communication'],[],arbeitnow,Git
Junior Artist Manager / Influencer Manager (m/w/d),Lionflence,Mülheim,https://www.arbeitnow.com/jobs/companies/lionflence/junior-artist-manager-influencer-manager-mulheim-231276,26-05-25,"Was wir Dir bieten: Eine spannende Herausforderung, in der du dich weiterentwickeln kannst, rundum den Bereich Artistmanagement Medien/Social Media, Influencer Marketing und den dazugehörigen Technologien (Software Systeme) Perfekt abgestimmte selbst entwickelte Softwaresysteme für dich als Artistmanager/in und für deine Artists Eine verantwortungsvolle Position in einem engagierten Team Eigenverantwortliches Arbeiten Freiraum zum aktiven Gestalten durch flache Hierarchien und flexible Strukturen Ein vielseitiges, anspruchsvolles und spannendes Aufgabengebiet mit renommierten Kunden So sieht Work-Life-Balance aus: 30 Tage Urlaub Konstruktives Feedback wird gerne gesehen Unsere Firmenkultur hat offene Türen & Ohren, coole Kolleg*innen und Spaß bei der Arbeit Ein hochmotiviertes, leistungsfähiges Team, welches gemeinsam arbeitet - aber auch gerne gemeinsame Erfolge feiert. Mitgestalten statt nur mitschwimmen - aktive Mitarbeit an fachlichen und kulturellen Themen die auch über den Tellerand hinausgehen Eine spannende Herausforderung, in der du dich weiterentwickeln kannst, rundum den Bereich Medien/Social Media, Influencer Marketing und den dazugehörigen Technologien (Software Systeme) Firmenhandy Firmenlaptop Aufgaben Welche Aufgaben hättest Du? Du unterstützt bei der Absprache unserer internen Talente Du unterstützt bei der Suche nach neuen Kooperationspartnern, erstellst neue Angebote und bearbeitest eingehende Anfragen Du arbeitest an deinem Verhandlungsgeschick bei Verträgen sowie bei Preisverhandlungen mit Anbietern und Dienstleistern (Kooperationspartnern) Du unterstützt die Artistmanager zu Konzepte wie auch Content-Formate für Talents und hilfst dabei diese zu realisieren Du fungierst als Schnittstelle zwischen den Talents und unseren Partnern, planst ihren Einsatz und sorgst für ihr Wohlbefinden Du identifizierst und akquirierst mögliche neue Kooperationspartnern und zukünftige Formate und Sendungen Qualifikation Das bringst Du mit: mind. 1 Jahr Erfahrung im Bereich Influencer Marketing, Online Marketing z.B. in einer Digital, Social Media oder PR-Agentur Interesse und Gespür für neueste Digital- & Konsumententrends Sicherer Umgang mit allen gängigen Social Media Netzwerken und Online-Communities Idealerweise bereits Erfahrung in der Umsetzung und/oder der Konzeption von Social Media und Influencer Marketing Kampagnen Hohe Kreativität und Motivation Fließende Deutschkenntnisse und Englischkenntnisse in Wort und Schrift Über uns: Die Lionflence ist ein junges Unternehmen, welches sich auf Online Marketing, sowie Management spezialisiert hat. Aktuell ist der Hauptsitz in Mülheim an der Ruhr und Berlin gehört seit August 2022 dazu. Zudem unterstützen wir Unternehmen im Bereich Markenaufbau und entwickeln eigene Softwaresysteme. Es erwartet Dich ein erfolgreiches Unternehmen mit flachen Hierarchien. Als Circle-of-Marketing bieten wir Kunden ein umfassendes 360°-Dienstleistungspaket und somit auch Services, die über die gewohnten Dienstleistungen einer Marketing-Agentur hinausgehen.Unser idealer Kandidat ist ein Teamplayer mit ausgeprägten Fähigkeiten im Bereich zwischenmenschlicher Kommunikation und verfügt über praktische Erfahrung.Du hast ein starkes Interesse Artists zu betreuen und möchtest ab sofort spannende Aufgaben in dem Bereich Artist Management übernehmen?Du organisierst leidenschaftlich gerne und bist ein aufgeschlossener Mensch? Dann könntest du perfekt zu uns passen! Find Jobs in Germany on Arbeitnow",False,['Marketing and Communication'],[],arbeitnow,Git
"Senior Backend Engineer (TypeScript, NestJS/Node.js) (m/f/x)",Atolls,"Munich, Bavaria, Germany",https://www.arbeitnow.com/jobs/companies/atolls/senior-backend-engineer-typescript-nestjs-nodejs-munich-424969,26-05-25,"Atolls is the world's largest community-driven shopping platform, active in 20+ markets. We help millions make smarter spending decisions across discovery, evaluation, and (re-)purchase by connecting people with the right brands and retailers. Our 1,000+ team across 10 countries builds products used every day at global scale, where you'll have real ownership and see your impact. Want to shape the destinations people rely on to shop with confidence? Keep reading. About This Role: We are looking for a Senior Backend Engineer (TypeScript, NestJS/Node.js) to join our Fulfilment team in Munich or working remotely from Germany . At Atolls, your role will be instrumental in helping us enabling our customers to earn and redeem cashback on our reward platforms, creating exceptional user experiences and empowering consumers to make informed and confident shopping decisions. As a key part of our team, you'll be directly involved in building and enhancing the digital destinations our users rely on throughout their shopping journeys. Your contributions will help shape how millions of consumers interact with our platforms, guiding them to make smart, fair, and rewarding choices. Our Benefits: At Atolls, we believe in nurturing both your professional and personal growth. Here's what you can expect: •    A culture that values personal and professional development, with internal mobility opportunities. •    A supportive and open-minded team that embraces diverse perspectives and innovative ideas. •    32 days of paid vacation plus your birthday off, giving you the time you need to recharge. •    A flexible hybrid working scheme to balance work and life. •    Access to a learning budget and internal training to help you grow in your role. •    Mental health coaching to support your well-being. •    Regular global and local get-togethers to celebrate successes and build connections. •    The possibility of taking a sabbatical after three years with the company. •    A cloud-based company setup, providing flexibility and collaboration opportunities no matter where you are. *These are global benefits that apply to all employees, with additional local perks based on your location. Responsibilities: As a Backend/ Full-Stack Engineer, you will: Design, develop, and maintain web applications and components using Node.js, TypeScript, NestJS and related technologies, ensuring adherence to coding standards and best practices. Collaborate with front-end developers, designers, and engineering and product managers to deliver high-quality solutions, actively participating in the full software development lifecycle. Troubleshoot and debug issues in existing codebases, optimizing application performance and scalability to enhance user experience. Integrate third-party APIs and services seamlessly, staying updated on the latest web development trends. Document code and processes comprehensively for future reference, while following security best practices to safeguard web application integrity and confidentiality. Provide technical guidance and support to junior developers as needed, contributing to team discussions and decision-making processes regarding architecture and technology selection. Your Profile: You have 6+ years of experience as a software developer. Knowledge of AWS technologies such as DynamoDB, Elasticsearch, relational and NoSQL databases, EventBridge and messaging and queuing solutions like SQS, SNS (or any other cloud platform like Google Cloud or Azure). General understanding of common design and architectural patterns, with the ability to produce elegant designs in back-end, REST API, EDA and microservice architectures. Logical, analytical thinking, with a structured and target-oriented approach and very good problem-solving skills. Passion for delivering clean code, unit/integration tests, and maintainable documentation. Familiarity with Agile/Scrum methodologies and DevOps best practices. Knowledge of common frameworks such as GitLab, Docker, and CI/CD solutions. Optionally, experience with GraphQL, federation and Supergraph concepts. Good communication skills in English. Our Hiring Process : TA Call : Meet one of our Talent Experts and get to know Atolls better. Technical Round : Focus on the technical aspects of the role (Through a Live Case) , and meet your potential manager. Final Round : Meet other Atollians 🏝️ It varies from 1 to 3 interviews *Some processes might slightly change according to needs Ready to apply? Be part of a destination where your work helps millions of people make better decisions every day. One focused application is all we need. If you truly fit more than one role, you're welcome to apply to up to three. This helps us match you with the right opportunity faster. We review every application with equal care and will reach out if your profile aligns. Apply now with your CV in English. #LI-AK1  #LI-Hybrid At Atolls, we want to ensure that all employees can thrive in an inclusive environment. Our employment opportunities are open to every gender, race, religion, age, sexual orientation, ability, place of origin, or socioeconomic status. We remain committed to a culture of diversity, equity and belonging, where all employees are welcomed, respected, connected, and engaged. Find more English Speaking Jobs in Germany on Arbeitnow",False,[],[],arbeitnow,SQL | API | Docker | AWS | Azure | Git
"Senior Backend Engineer (TypeScript, NestJS/Node.js) (m/f/x)",Atolls,"Berlin, Berlin, Germany",https://www.arbeitnow.com/jobs/companies/atolls/senior-backend-engineer-typescript-nestjs-nodejs-berlin-16358,26-05-25,"Atolls is the world's largest community-driven shopping platform, active in 20+ markets. We help millions make smarter spending decisions across discovery, evaluation, and (re-)purchase by connecting people with the right brands and retailers. Our 1,000+ team across 10 countries builds products used every day at global scale, where you'll have real ownership and see your impact. Want to shape the destinations people rely on to shop with confidence? Keep reading. About This Role: We are looking for a Senior Backend Engineer (TypeScript, NestJS/Node.js) to join our Fulfilment team based in Berlin or working remotely from Germany . At Atolls, your role will be instrumental in helping us enabling our customers to earn and redeem cashback on our reward platforms, creating exceptional user experiences and empowering consumers to make informed and confident shopping decisions. As a key part of our team, you'll be directly involved in building and enhancing the digital destinations our users rely on throughout their shopping journeys. Your contributions will help shape how millions of consumers interact with our platforms, guiding them to make smart, fair, and rewarding choices. Our Benefits: At Atolls, we believe in nurturing both your professional and personal growth. Here's what you can expect: •    A culture that values personal and professional development, with internal mobility opportunities. •    A supportive and open-minded team that embraces diverse perspectives and innovative ideas. •    32 days of paid vacation plus your birthday off, giving you the time you need to recharge. •    A flexible hybrid working scheme to balance work and life. •    Access to a learning budget and internal training to help you grow in your role. •    Mental health coaching to support your well-being. •    Regular global and local get-togethers to celebrate successes and build connections. •    The possibility of taking a sabbatical after three years with the company. •    A cloud-based company setup, providing flexibility and collaboration opportunities no matter where you are. *These are global benefits that apply to all employees, with additional local perks based on your location. Responsibilities: As a Backend/ Full-Stack Engineer, you will: Design, develop, and maintain web applications and components using Node.js, TypeScript, NestJS and related technologies, ensuring adherence to coding standards and best practices. Collaborate with front-end developers, designers, and engineering and product managers to deliver high-quality solutions, actively participating in the full software development lifecycle. Troubleshoot and debug issues in existing codebases, optimizing application performance and scalability to enhance user experience. Integrate third-party APIs and services seamlessly, staying updated on the latest web development trends. Document code and processes comprehensively for future reference, while following security best practices to safeguard web application integrity and confidentiality. Provide technical guidance and support to junior developers as needed, contributing to team discussions and decision-making processes regarding architecture and technology selection. Your Profile: You have 6+ years of experience as a Software Developer. Knowledge of AWS technologies such as DynamoDB, Elasticsearch, relational and NoSQL databases, EventBridge and messaging and queuing solutions like SQS, SNS (or any other cloud platform like Google Cloud or Azure). General understanding of common design and architectural patterns, with the ability to produce elegant designs in back-end, REST API, EDA and microservice architectures. Logical, analytical thinking, with a structured and target-oriented approach and very good problem-solving skills. Passion for delivering clean code, unit/integration tests, and maintainable documentation. Familiarity with Agile/Scrum methodologies and DevOps best practices. Knowledge of common frameworks such as GitLab, Docker, and CI/CD solutions. Optionally, experience with GraphQL, federation and Supergraph concepts. Good communication skills in English. Our Hiring Process : TA Call : Meet one of our Talent Experts and get to know Atolls better. Technical Round : Focus on the technical aspects of the role (Through a Live Case) , and meet your potential manager. Final Round : Meet other Atollians 🏝️ It varies from 1 to 3 interviews *Some processes might slightly change according to needs Ready to apply? Be part of a destination where your work helps millions of people make better decisions every day. One focused application is all we need. If you truly fit more than one role, you're welcome to apply to up to three. This helps us match you with the right opportunity faster. We review every application with equal care and will reach out if your profile aligns. Apply now with your CV in English. #LI-AK1  #LI-Hybrid At Atolls, we want to ensure that all employees can thrive in an inclusive environment. Our employment opportunities are open to every gender, race, religion, age, sexual orientation, ability, place of origin, or socioeconomic status. We remain committed to a culture of diversity, equity and belonging, where all employees are welcomed, respected, connected, and engaged. Find Jobs in Germany on Arbeitnow",False,[],[],arbeitnow,SQL | API | Docker | AWS | Azure | Git
"Steuerberater (m/w/d) in Bad Lobenstein, auf Wunsch mit Partnerperspektive, gesucht - mindestens 90.000€",Taxtalente.de,Bad Lobenstein,https://www.arbeitnow.com/jobs/companies/taxtalentede/steuerberater-in-bad-lobenstein-auf-wunsch-mit-partnerperspektive-gesucht-mindestens-90000eur-281202,26-05-25,"TaxTalente ist die Nr. 1 Job-Matching Plattform für Jobsuchende in der Steuerberatung. Sie suchen eine positive berufliche Veränderung? Sie möchten den nächsten Schritt in Ihrer Karriere gehen und streben möglicherweise sogar eine Partnerschaft in einer zukunftsorientierten Kanzlei an? Sie möchten endlich wieder in einem positiven Arbeitsumfeld arbeiten, in dem Sie finanziell und persönlich wertgeschätzt werden? Sie suchen nach Tätigkeiten, die Sie auch wirklich weiterbringen? Sofern Sie sich in mindestens einem der genannten Punkte wiederfinden, sollten Sie sich bei uns melden. Wir haben die attraktivsten Arbeitgeber der Steuerberatungsbranche in unserem Netzwerk und bringen zusammen, was zusammengehört. Grenzenlose Entwicklungschancen mit Partnermöglichkeiten, vielschichtige Tätigkeitsbereiche, Gehälter wie in der Industrie und vieles mehr – melden Sie sich bei uns und wir unterstützen Sie auf Ihrem weiteren Karriereweg! Derzeit suchen wir nach einem Steuerberater (m/w/d) für eine unserer Partner-Kanzleien in Bad Lobenstein Bei Rückfragen kannst du dich gerne jederzeit (auch nach deinem Feierabend) direkt telefonisch an Herrn Becker-Koch über folgende Nummer wenden: 015901431130 Aufgaben Wir bringen zusammen, was zusammengehört. Dabei spielt das passende Tätigkeitsprofil natürlich eine entscheidende Rolle. Bei unserer Partnerkanzlei können Sie sich Ihren Aufgabenbereich auf Basis Ihrer persönlichen Stärken und Schwächen selbst zusammenstellen. Erstellung und Review von Jahresabschlüssen Erstellung von Steuererklärungen für Personen- und Kapitalgesellschaften Steuerliche Sonderberatungsprojekte auf Basis individueller Qualifikationen B. in den Bereichen der Erbschaftsteuer oder des Umwandlungssteuerrechts Begleitung von Betriebsprüfungen Teamleitung und Personalverantwortung (optional) Weitere individuell wählbare Tätigkeitsbereiche , die Ihnen Freude bringen Qualifikation Am Ende sollte es für beide Seiten passen. Deshalb wäre es gut, wenn Sie sich in den folgenden Punkten wiederfinden. Kommunikative Art und Freude am Austausch mit Mandanten Sorgfältige , effiziente und gewissenhafte Arbeitsweise Offen für eine digitale Arbeitsweise Führungsverständnis und Verantwortungsbewusstsein gegenüber Mitarbeitern (optional) Ein erfolgreich abgeschlossenes Steuerberaterexamen Leidenschaft für steuerliche Themen Benefits Sie haben genug von 0815 Benefits, von denen Sie nicht wirklich profitieren? Dann sollten Sie einen Blick auf die nachfolgenden Benefits werfen. Außerordentliche Vergütung von 90.000 € bis 130.000 € / Jahr, auf Wunsch auch Partnerperspektive Flexible Gestaltung der Arbeitszeiten sowie die Option auf Home-Office Nettolohnoptimierung mit monatlichen 50,00€ Sachbezugsgutscheinen Umfangreiche Unterstützung bei Weiterbildungsmaßnahmen wie z.B. Fachberater Qualifikationen Modernste Ausstattung mit digitalen Prozessen Starker Teamzusammenhalt und regelmäßige Teamevents Schnell, unkompliziert und effizient Ihren Traumjob finden – ein Versprechen an Sie, dass wir aufgrund unseres selektiven, breit gefächerten und deutschlandweiten Kanzleinetzwerks halten werden. lhre Vorteile mit uns auf einen Blick: Sie führen keine unsinnigen Bewerbungsgespräche mehr, bei denen Sie während des Bewerbungsprozesses merken, dass es (bspw. wegen des Gehalts) sowieso nicht passt - wir klären vor Ihrem Bewerbungsgespräch all Ihre mit uns besprochenen Kriterien mit der Kanzlei ab. Wir führen Ihre Gehaltsverhandlungen und kennen die Gehaltsstrukturen der Branche dabei bestens. 100% Anonymität – solange Sie uns nicht das „Go“ geben und einem Kennenlernen mit Ihrem neuen potentiellen Arbeitgeber zustimmen, erfährt niemand von Ihrem Namen oder Ihren bisherigen Arbeitgebern – Ihre Ihnen wichtigen Kriterien können wir auch zunächst anonym mit unseren Partnerkanzleien klären. Attraktive Kanzleien – die Kanzleien in unserem breit gefächerten Kanzleinetzwerk sind selektiv ausgewählt und heben sich klar von “normalen” Kanzleien ab (z.B. hinsichtlich der Vergütung, Benefits, Hierarchien, Digitalisierungsgrad, Ausstattung etc.). Und das Beste: Unser gesamter Service ist unverbindlich und völlig kostenfrei für Sie. Find more English Speaking Jobs in Germany on Arbeitnow",False,"['Directors', 'Chief Executives']",[],arbeitnow,API | Git
"Steuerberater (m/w/d) in Hilzingen, auf Wunsch mit Partnerperspektive, gesucht - mindestens 90.000€",Taxtalente.de,Hilzingen,https://www.arbeitnow.com/jobs/companies/taxtalentede/steuerberater-in-hilzingen-auf-wunsch-mit-partnerperspektive-gesucht-mindestens-90000eur-442985,26-05-25,"TaxTalente ist die Nr. 1 Job-Matching Plattform für Jobsuchende in der Steuerberatung. Sie suchen eine positive berufliche Veränderung? Sie möchten den nächsten Schritt in Ihrer Karriere gehen und streben möglicherweise sogar eine Partnerschaft in einer zukunftsorientierten Kanzlei an? Sie möchten endlich wieder in einem positiven Arbeitsumfeld arbeiten, in dem Sie finanziell und persönlich wertgeschätzt werden? Sie suchen nach Tätigkeiten, die Sie auch wirklich weiterbringen? Sofern Sie sich in mindestens einem der genannten Punkte wiederfinden, sollten Sie sich bei uns melden. Wir haben die attraktivsten Arbeitgeber der Steuerberatungsbranche in unserem Netzwerk und bringen zusammen, was zusammengehört. Grenzenlose Entwicklungschancen mit Partnermöglichkeiten, vielschichtige Tätigkeitsbereiche, Gehälter wie in der Industrie und vieles mehr – melden Sie sich bei uns und wir unterstützen Sie auf Ihrem weiteren Karriereweg! Derzeit suchen wir nach einem Steuerberater (m/w/d) für eine unserer Partner-Kanzleien in Hilzingen Bei Rückfragen kannst du dich gerne jederzeit (auch nach deinem Feierabend) direkt telefonisch an Herrn Becker-Koch über folgende Nummer wenden: 015901431130 Aufgaben Wir bringen zusammen, was zusammengehört. Dabei spielt das passende Tätigkeitsprofil natürlich eine entscheidende Rolle. Bei unserer Partnerkanzlei können Sie sich Ihren Aufgabenbereich auf Basis Ihrer persönlichen Stärken und Schwächen selbst zusammenstellen. Erstellung und Review von Jahresabschlüssen Erstellung von Steuererklärungen für Personen- und Kapitalgesellschaften Steuerliche Sonderberatungsprojekte auf Basis individueller Qualifikationen B. in den Bereichen der Erbschaftsteuer oder des Umwandlungssteuerrechts Begleitung von Betriebsprüfungen Teamleitung und Personalverantwortung (optional) Weitere individuell wählbare Tätigkeitsbereiche , die Ihnen Freude bringen Qualifikation Am Ende sollte es für beide Seiten passen. Deshalb wäre es gut, wenn Sie sich in den folgenden Punkten wiederfinden. Kommunikative Art und Freude am Austausch mit Mandanten Sorgfältige , effiziente und gewissenhafte Arbeitsweise Offen für eine digitale Arbeitsweise Führungsverständnis und Verantwortungsbewusstsein gegenüber Mitarbeitern (optional) Ein erfolgreich abgeschlossenes Steuerberaterexamen Leidenschaft für steuerliche Themen Benefits Sie haben genug von 0815 Benefits, von denen Sie nicht wirklich profitieren? Dann sollten Sie einen Blick auf die nachfolgenden Benefits werfen. Außerordentliche Vergütung von 90.000 € bis 130.000 € / Jahr, auf Wunsch auch Partnerperspektive Flexible Gestaltung der Arbeitszeiten sowie die Option auf Home-Office Nettolohnoptimierung mit monatlichen 50,00€ Sachbezugsgutscheinen Umfangreiche Unterstützung bei Weiterbildungsmaßnahmen wie z.B. Fachberater Qualifikationen Modernste Ausstattung mit digitalen Prozessen Starker Teamzusammenhalt und regelmäßige Teamevents Schnell, unkompliziert und effizient Ihren Traumjob finden – ein Versprechen an Sie, dass wir aufgrund unseres selektiven, breit gefächerten und deutschlandweiten Kanzleinetzwerks halten werden. lhre Vorteile mit uns auf einen Blick: Sie führen keine unsinnigen Bewerbungsgespräche mehr, bei denen Sie während des Bewerbungsprozesses merken, dass es (bspw. wegen des Gehalts) sowieso nicht passt - wir klären vor Ihrem Bewerbungsgespräch all Ihre mit uns besprochenen Kriterien mit der Kanzlei ab. Wir führen Ihre Gehaltsverhandlungen und kennen die Gehaltsstrukturen der Branche dabei bestens. 100% Anonymität – solange Sie uns nicht das „Go“ geben und einem Kennenlernen mit Ihrem neuen potentiellen Arbeitgeber zustimmen, erfährt niemand von Ihrem Namen oder Ihren bisherigen Arbeitgebern – Ihre Ihnen wichtigen Kriterien können wir auch zunächst anonym mit unseren Partnerkanzleien klären. Attraktive Kanzleien – die Kanzleien in unserem breit gefächerten Kanzleinetzwerk sind selektiv ausgewählt und heben sich klar von “normalen” Kanzleien ab (z.B. hinsichtlich der Vergütung, Benefits, Hierarchien, Digitalisierungsgrad, Ausstattung etc.). Und das Beste: Unser gesamter Service ist unverbindlich und völlig kostenfrei für Sie. Find Jobs in Germany on Arbeitnow",False,"['Directors', 'Chief Executives']",[],arbeitnow,API | Git
"Steuerberater (m/w/d) in Welzow, auf Wunsch mit Partnerperspektive, gesucht - mindestens 90.000€",Taxtalente.de,Welzow,https://www.arbeitnow.com/jobs/companies/taxtalentede/steuerberater-in-welzow-auf-wunsch-mit-partnerperspektive-gesucht-mindestens-90000eur-378681,26-05-25,"TaxTalente ist die Nr. 1 Job-Matching Plattform für Jobsuchende in der Steuerberatung. Sie suchen eine positive berufliche Veränderung? Sie möchten den nächsten Schritt in Ihrer Karriere gehen und streben möglicherweise sogar eine Partnerschaft in einer zukunftsorientierten Kanzlei an? Sie möchten endlich wieder in einem positiven Arbeitsumfeld arbeiten, in dem Sie finanziell und persönlich wertgeschätzt werden? Sie suchen nach Tätigkeiten, die Sie auch wirklich weiterbringen? Sofern Sie sich in mindestens einem der genannten Punkte wiederfinden, sollten Sie sich bei uns melden. Wir haben die attraktivsten Arbeitgeber der Steuerberatungsbranche in unserem Netzwerk und bringen zusammen, was zusammengehört. Grenzenlose Entwicklungschancen mit Partnermöglichkeiten, vielschichtige Tätigkeitsbereiche, Gehälter wie in der Industrie und vieles mehr – melden Sie sich bei uns und wir unterstützen Sie auf Ihrem weiteren Karriereweg! Derzeit suchen wir nach einem Steuerberater (m/w/d) für eine unserer Partner-Kanzleien in Welzow Bei Rückfragen kannst du dich gerne jederzeit (auch nach deinem Feierabend) direkt telefonisch an Herrn Becker-Koch über folgende Nummer wenden: 015901431130 Aufgaben Wir bringen zusammen, was zusammengehört. Dabei spielt das passende Tätigkeitsprofil natürlich eine entscheidende Rolle. Bei unserer Partnerkanzlei können Sie sich Ihren Aufgabenbereich auf Basis Ihrer persönlichen Stärken und Schwächen selbst zusammenstellen. Erstellung und Review von Jahresabschlüssen Erstellung von Steuererklärungen für Personen- und Kapitalgesellschaften Steuerliche Sonderberatungsprojekte auf Basis individueller Qualifikationen B. in den Bereichen der Erbschaftsteuer oder des Umwandlungssteuerrechts Begleitung von Betriebsprüfungen Teamleitung und Personalverantwortung (optional) Weitere individuell wählbare Tätigkeitsbereiche , die Ihnen Freude bringen Qualifikation Am Ende sollte es für beide Seiten passen. Deshalb wäre es gut, wenn Sie sich in den folgenden Punkten wiederfinden. Kommunikative Art und Freude am Austausch mit Mandanten Sorgfältige , effiziente und gewissenhafte Arbeitsweise Offen für eine digitale Arbeitsweise Führungsverständnis und Verantwortungsbewusstsein gegenüber Mitarbeitern (optional) Ein erfolgreich abgeschlossenes Steuerberaterexamen Leidenschaft für steuerliche Themen Benefits Sie haben genug von 0815 Benefits, von denen Sie nicht wirklich profitieren? Dann sollten Sie einen Blick auf die nachfolgenden Benefits werfen. Außerordentliche Vergütung von 90.000 € bis 130.000 € / Jahr, auf Wunsch auch Partnerperspektive Flexible Gestaltung der Arbeitszeiten sowie die Option auf Home-Office Nettolohnoptimierung mit monatlichen 50,00€ Sachbezugsgutscheinen Umfangreiche Unterstützung bei Weiterbildungsmaßnahmen wie z.B. Fachberater Qualifikationen Modernste Ausstattung mit digitalen Prozessen Starker Teamzusammenhalt und regelmäßige Teamevents Schnell, unkompliziert und effizient Ihren Traumjob finden – ein Versprechen an Sie, dass wir aufgrund unseres selektiven, breit gefächerten und deutschlandweiten Kanzleinetzwerks halten werden. lhre Vorteile mit uns auf einen Blick: Sie führen keine unsinnigen Bewerbungsgespräche mehr, bei denen Sie während des Bewerbungsprozesses merken, dass es (bspw. wegen des Gehalts) sowieso nicht passt - wir klären vor Ihrem Bewerbungsgespräch all Ihre mit uns besprochenen Kriterien mit der Kanzlei ab. Wir führen Ihre Gehaltsverhandlungen und kennen die Gehaltsstrukturen der Branche dabei bestens. 100% Anonymität – solange Sie uns nicht das „Go“ geben und einem Kennenlernen mit Ihrem neuen potentiellen Arbeitgeber zustimmen, erfährt niemand von Ihrem Namen oder Ihren bisherigen Arbeitgebern – Ihre Ihnen wichtigen Kriterien können wir auch zunächst anonym mit unseren Partnerkanzleien klären. Attraktive Kanzleien – die Kanzleien in unserem breit gefächerten Kanzleinetzwerk sind selektiv ausgewählt und heben sich klar von “normalen” Kanzleien ab (z.B. hinsichtlich der Vergütung, Benefits, Hierarchien, Digitalisierungsgrad, Ausstattung etc.). Und das Beste: Unser gesamter Service ist unverbindlich und völlig kostenfrei für Sie. Find Jobs in Germany on Arbeitnow",False,"['Directors', 'Chief Executives']",[],arbeitnow,API | Git
"Steuerberater (m/w/d) in Heroldsberg, auf Wunsch mit Partnerperspektive, gesucht - mindestens 90.000€",Taxtalente.de,Heroldsberg,https://www.arbeitnow.com/jobs/companies/taxtalentede/steuerberater-in-heroldsberg-auf-wunsch-mit-partnerperspektive-gesucht-mindestens-90000eur-429212,26-05-25,"TaxTalente ist die Nr. 1 Job-Matching Plattform für Jobsuchende in der Steuerberatung. Sie suchen eine positive berufliche Veränderung? Sie möchten den nächsten Schritt in Ihrer Karriere gehen und streben möglicherweise sogar eine Partnerschaft in einer zukunftsorientierten Kanzlei an? Sie möchten endlich wieder in einem positiven Arbeitsumfeld arbeiten, in dem Sie finanziell und persönlich wertgeschätzt werden? Sie suchen nach Tätigkeiten, die Sie auch wirklich weiterbringen? Sofern Sie sich in mindestens einem der genannten Punkte wiederfinden, sollten Sie sich bei uns melden. Wir haben die attraktivsten Arbeitgeber der Steuerberatungsbranche in unserem Netzwerk und bringen zusammen, was zusammengehört. Grenzenlose Entwicklungschancen mit Partnermöglichkeiten, vielschichtige Tätigkeitsbereiche, Gehälter wie in der Industrie und vieles mehr – melden Sie sich bei uns und wir unterstützen Sie auf Ihrem weiteren Karriereweg! Derzeit suchen wir nach einem Steuerberater (m/w/d) für eine unserer Partner-Kanzleien in Heroldsberg Bei Rückfragen kannst du dich gerne jederzeit (auch nach deinem Feierabend) direkt telefonisch an Herrn Becker-Koch über folgende Nummer wenden: 015901431130 Aufgaben Wir bringen zusammen, was zusammengehört. Dabei spielt das passende Tätigkeitsprofil natürlich eine entscheidende Rolle. Bei unserer Partnerkanzlei können Sie sich Ihren Aufgabenbereich auf Basis Ihrer persönlichen Stärken und Schwächen selbst zusammenstellen. Erstellung und Review von Jahresabschlüssen Erstellung von Steuererklärungen für Personen- und Kapitalgesellschaften Steuerliche Sonderberatungsprojekte auf Basis individueller Qualifikationen B. in den Bereichen der Erbschaftsteuer oder des Umwandlungssteuerrechts Begleitung von Betriebsprüfungen Teamleitung und Personalverantwortung (optional) Weitere individuell wählbare Tätigkeitsbereiche , die Ihnen Freude bringen Qualifikation Am Ende sollte es für beide Seiten passen. Deshalb wäre es gut, wenn Sie sich in den folgenden Punkten wiederfinden. Kommunikative Art und Freude am Austausch mit Mandanten Sorgfältige , effiziente und gewissenhafte Arbeitsweise Offen für eine digitale Arbeitsweise Führungsverständnis und Verantwortungsbewusstsein gegenüber Mitarbeitern (optional) Ein erfolgreich abgeschlossenes Steuerberaterexamen Leidenschaft für steuerliche Themen Benefits Sie haben genug von 0815 Benefits, von denen Sie nicht wirklich profitieren? Dann sollten Sie einen Blick auf die nachfolgenden Benefits werfen. Außerordentliche Vergütung von 90.000 € bis 130.000 € / Jahr, auf Wunsch auch Partnerperspektive Flexible Gestaltung der Arbeitszeiten sowie die Option auf Home-Office Nettolohnoptimierung mit monatlichen 50,00€ Sachbezugsgutscheinen Umfangreiche Unterstützung bei Weiterbildungsmaßnahmen wie z.B. Fachberater Qualifikationen Modernste Ausstattung mit digitalen Prozessen Starker Teamzusammenhalt und regelmäßige Teamevents Schnell, unkompliziert und effizient Ihren Traumjob finden – ein Versprechen an Sie, dass wir aufgrund unseres selektiven, breit gefächerten und deutschlandweiten Kanzleinetzwerks halten werden. lhre Vorteile mit uns auf einen Blick: Sie führen keine unsinnigen Bewerbungsgespräche mehr, bei denen Sie während des Bewerbungsprozesses merken, dass es (bspw. wegen des Gehalts) sowieso nicht passt - wir klären vor Ihrem Bewerbungsgespräch all Ihre mit uns besprochenen Kriterien mit der Kanzlei ab. Wir führen Ihre Gehaltsverhandlungen und kennen die Gehaltsstrukturen der Branche dabei bestens. 100% Anonymität – solange Sie uns nicht das „Go“ geben und einem Kennenlernen mit Ihrem neuen potentiellen Arbeitgeber zustimmen, erfährt niemand von Ihrem Namen oder Ihren bisherigen Arbeitgebern – Ihre Ihnen wichtigen Kriterien können wir auch zunächst anonym mit unseren Partnerkanzleien klären. Attraktive Kanzleien – die Kanzleien in unserem breit gefächerten Kanzleinetzwerk sind selektiv ausgewählt und heben sich klar von “normalen” Kanzleien ab (z.B. hinsichtlich der Vergütung, Benefits, Hierarchien, Digitalisierungsgrad, Ausstattung etc.). Und das Beste: Unser gesamter Service ist unverbindlich und völlig kostenfrei für Sie. Find Jobs in Germany on Arbeitnow",False,"['Directors', 'Chief Executives']",[],arbeitnow,API | Git
"Steuerberater (m/w/d) in Rothenfels, auf Wunsch mit Partnerperspektive, gesucht - mindestens 90.000€",Taxtalente.de,Rothenfels,https://www.arbeitnow.com/jobs/companies/taxtalentede/steuerberater-in-rothenfels-auf-wunsch-mit-partnerperspektive-gesucht-mindestens-90000eur-125935,26-05-25,"TaxTalente ist die Nr. 1 Job-Matching Plattform für Jobsuchende in der Steuerberatung. Sie suchen eine positive berufliche Veränderung? Sie möchten den nächsten Schritt in Ihrer Karriere gehen und streben möglicherweise sogar eine Partnerschaft in einer zukunftsorientierten Kanzlei an? Sie möchten endlich wieder in einem positiven Arbeitsumfeld arbeiten, in dem Sie finanziell und persönlich wertgeschätzt werden? Sie suchen nach Tätigkeiten, die Sie auch wirklich weiterbringen? Sofern Sie sich in mindestens einem der genannten Punkte wiederfinden, sollten Sie sich bei uns melden. Wir haben die attraktivsten Arbeitgeber der Steuerberatungsbranche in unserem Netzwerk und bringen zusammen, was zusammengehört. Grenzenlose Entwicklungschancen mit Partnermöglichkeiten, vielschichtige Tätigkeitsbereiche, Gehälter wie in der Industrie und vieles mehr – melden Sie sich bei uns und wir unterstützen Sie auf Ihrem weiteren Karriereweg! Derzeit suchen wir nach einem Steuerberater (m/w/d) für eine unserer Partner-Kanzleien in Rothenfels Bei Rückfragen kannst du dich gerne jederzeit (auch nach deinem Feierabend) direkt telefonisch an Herrn Becker-Koch über folgende Nummer wenden: 015901431130 Aufgaben Wir bringen zusammen, was zusammengehört. Dabei spielt das passende Tätigkeitsprofil natürlich eine entscheidende Rolle. Bei unserer Partnerkanzlei können Sie sich Ihren Aufgabenbereich auf Basis Ihrer persönlichen Stärken und Schwächen selbst zusammenstellen. Erstellung und Review von Jahresabschlüssen Erstellung von Steuererklärungen für Personen- und Kapitalgesellschaften Steuerliche Sonderberatungsprojekte auf Basis individueller Qualifikationen B. in den Bereichen der Erbschaftsteuer oder des Umwandlungssteuerrechts Begleitung von Betriebsprüfungen Teamleitung und Personalverantwortung (optional) Weitere individuell wählbare Tätigkeitsbereiche , die Ihnen Freude bringen Qualifikation Am Ende sollte es für beide Seiten passen. Deshalb wäre es gut, wenn Sie sich in den folgenden Punkten wiederfinden. Kommunikative Art und Freude am Austausch mit Mandanten Sorgfältige , effiziente und gewissenhafte Arbeitsweise Offen für eine digitale Arbeitsweise Führungsverständnis und Verantwortungsbewusstsein gegenüber Mitarbeitern (optional) Ein erfolgreich abgeschlossenes Steuerberaterexamen Leidenschaft für steuerliche Themen Benefits Sie haben genug von 0815 Benefits, von denen Sie nicht wirklich profitieren? Dann sollten Sie einen Blick auf die nachfolgenden Benefits werfen. Außerordentliche Vergütung von 90.000 € bis 130.000 € / Jahr, auf Wunsch auch Partnerperspektive Flexible Gestaltung der Arbeitszeiten sowie die Option auf Home-Office Nettolohnoptimierung mit monatlichen 50,00€ Sachbezugsgutscheinen Umfangreiche Unterstützung bei Weiterbildungsmaßnahmen wie z.B. Fachberater Qualifikationen Modernste Ausstattung mit digitalen Prozessen Starker Teamzusammenhalt und regelmäßige Teamevents Schnell, unkompliziert und effizient Ihren Traumjob finden – ein Versprechen an Sie, dass wir aufgrund unseres selektiven, breit gefächerten und deutschlandweiten Kanzleinetzwerks halten werden. lhre Vorteile mit uns auf einen Blick: Sie führen keine unsinnigen Bewerbungsgespräche mehr, bei denen Sie während des Bewerbungsprozesses merken, dass es (bspw. wegen des Gehalts) sowieso nicht passt - wir klären vor Ihrem Bewerbungsgespräch all Ihre mit uns besprochenen Kriterien mit der Kanzlei ab. Wir führen Ihre Gehaltsverhandlungen und kennen die Gehaltsstrukturen der Branche dabei bestens. 100% Anonymität – solange Sie uns nicht das „Go“ geben und einem Kennenlernen mit Ihrem neuen potentiellen Arbeitgeber zustimmen, erfährt niemand von Ihrem Namen oder Ihren bisherigen Arbeitgebern – Ihre Ihnen wichtigen Kriterien können wir auch zunächst anonym mit unseren Partnerkanzleien klären. Attraktive Kanzleien – die Kanzleien in unserem breit gefächerten Kanzleinetzwerk sind selektiv ausgewählt und heben sich klar von “normalen” Kanzleien ab (z.B. hinsichtlich der Vergütung, Benefits, Hierarchien, Digitalisierungsgrad, Ausstattung etc.). Und das Beste: Unser gesamter Service ist unverbindlich und völlig kostenfrei für Sie. Find Jobs in Germany on Arbeitnow",False,"['Directors', 'Chief Executives']",[],arbeitnow,API | Git
"Steuerberater (m/w/d) in Herford, auf Wunsch mit Partnerperspektive, gesucht - mindestens 90.000€",Taxtalente.de,Herford,https://www.arbeitnow.com/jobs/companies/taxtalentede/steuerberater-in-herford-auf-wunsch-mit-partnerperspektive-gesucht-mindestens-90000eur-203099,26-05-25,"TaxTalente ist die Nr. 1 Job-Matching Plattform für Jobsuchende in der Steuerberatung. Sie suchen eine positive berufliche Veränderung? Sie möchten den nächsten Schritt in Ihrer Karriere gehen und streben möglicherweise sogar eine Partnerschaft in einer zukunftsorientierten Kanzlei an? Sie möchten endlich wieder in einem positiven Arbeitsumfeld arbeiten, in dem Sie finanziell und persönlich wertgeschätzt werden? Sie suchen nach Tätigkeiten, die Sie auch wirklich weiterbringen? Sofern Sie sich in mindestens einem der genannten Punkte wiederfinden, sollten Sie sich bei uns melden. Wir haben die attraktivsten Arbeitgeber der Steuerberatungsbranche in unserem Netzwerk und bringen zusammen, was zusammengehört. Grenzenlose Entwicklungschancen mit Partnermöglichkeiten, vielschichtige Tätigkeitsbereiche, Gehälter wie in der Industrie und vieles mehr – melden Sie sich bei uns und wir unterstützen Sie auf Ihrem weiteren Karriereweg! Derzeit suchen wir nach einem Steuerberater (m/w/d) für eine unserer Partner-Kanzleien in Herford Bei Rückfragen kannst du dich gerne jederzeit (auch nach deinem Feierabend) direkt telefonisch an Herrn Becker-Koch über folgende Nummer wenden: 015901431130 Aufgaben Wir bringen zusammen, was zusammengehört. Dabei spielt das passende Tätigkeitsprofil natürlich eine entscheidende Rolle. Bei unserer Partnerkanzlei können Sie sich Ihren Aufgabenbereich auf Basis Ihrer persönlichen Stärken und Schwächen selbst zusammenstellen. Erstellung und Review von Jahresabschlüssen Erstellung von Steuererklärungen für Personen- und Kapitalgesellschaften Steuerliche Sonderberatungsprojekte auf Basis individueller Qualifikationen B. in den Bereichen der Erbschaftsteuer oder des Umwandlungssteuerrechts Begleitung von Betriebsprüfungen Teamleitung und Personalverantwortung (optional) Weitere individuell wählbare Tätigkeitsbereiche , die Ihnen Freude bringen Qualifikation Am Ende sollte es für beide Seiten passen. Deshalb wäre es gut, wenn Sie sich in den folgenden Punkten wiederfinden. Kommunikative Art und Freude am Austausch mit Mandanten Sorgfältige , effiziente und gewissenhafte Arbeitsweise Offen für eine digitale Arbeitsweise Führungsverständnis und Verantwortungsbewusstsein gegenüber Mitarbeitern (optional) Ein erfolgreich abgeschlossenes Steuerberaterexamen Leidenschaft für steuerliche Themen Benefits Sie haben genug von 0815 Benefits, von denen Sie nicht wirklich profitieren? Dann sollten Sie einen Blick auf die nachfolgenden Benefits werfen. Außerordentliche Vergütung von 90.000 € bis 130.000 € / Jahr, auf Wunsch auch Partnerperspektive Flexible Gestaltung der Arbeitszeiten sowie die Option auf Home-Office Nettolohnoptimierung mit monatlichen 50,00€ Sachbezugsgutscheinen Umfangreiche Unterstützung bei Weiterbildungsmaßnahmen wie z.B. Fachberater Qualifikationen Modernste Ausstattung mit digitalen Prozessen Starker Teamzusammenhalt und regelmäßige Teamevents Schnell, unkompliziert und effizient Ihren Traumjob finden – ein Versprechen an Sie, dass wir aufgrund unseres selektiven, breit gefächerten und deutschlandweiten Kanzleinetzwerks halten werden. lhre Vorteile mit uns auf einen Blick: Sie führen keine unsinnigen Bewerbungsgespräche mehr, bei denen Sie während des Bewerbungsprozesses merken, dass es (bspw. wegen des Gehalts) sowieso nicht passt - wir klären vor Ihrem Bewerbungsgespräch all Ihre mit uns besprochenen Kriterien mit der Kanzlei ab. Wir führen Ihre Gehaltsverhandlungen und kennen die Gehaltsstrukturen der Branche dabei bestens. 100% Anonymität – solange Sie uns nicht das „Go“ geben und einem Kennenlernen mit Ihrem neuen potentiellen Arbeitgeber zustimmen, erfährt niemand von Ihrem Namen oder Ihren bisherigen Arbeitgebern – Ihre Ihnen wichtigen Kriterien können wir auch zunächst anonym mit unseren Partnerkanzleien klären. Attraktive Kanzleien – die Kanzleien in unserem breit gefächerten Kanzleinetzwerk sind selektiv ausgewählt und heben sich klar von “normalen” Kanzleien ab (z.B. hinsichtlich der Vergütung, Benefits, Hierarchien, Digitalisierungsgrad, Ausstattung etc.). Und das Beste: Unser gesamter Service ist unverbindlich und völlig kostenfrei für Sie. Find more English Speaking Jobs in Germany on Arbeitnow",False,"['Directors', 'Chief Executives']",[],arbeitnow,API | Git
"Steuerberater (m/w/d) in Brandis, auf Wunsch mit Partnerperspektive, gesucht - mindestens 90.000€",Taxtalente.de,Brandis,https://www.arbeitnow.com/jobs/companies/taxtalentede/steuerberater-in-brandis-auf-wunsch-mit-partnerperspektive-gesucht-mindestens-90000eur-294069,26-05-25,"TaxTalente ist die Nr. 1 Job-Matching Plattform für Jobsuchende in der Steuerberatung. Sie suchen eine positive berufliche Veränderung? Sie möchten den nächsten Schritt in Ihrer Karriere gehen und streben möglicherweise sogar eine Partnerschaft in einer zukunftsorientierten Kanzlei an? Sie möchten endlich wieder in einem positiven Arbeitsumfeld arbeiten, in dem Sie finanziell und persönlich wertgeschätzt werden? Sie suchen nach Tätigkeiten, die Sie auch wirklich weiterbringen? Sofern Sie sich in mindestens einem der genannten Punkte wiederfinden, sollten Sie sich bei uns melden. Wir haben die attraktivsten Arbeitgeber der Steuerberatungsbranche in unserem Netzwerk und bringen zusammen, was zusammengehört. Grenzenlose Entwicklungschancen mit Partnermöglichkeiten, vielschichtige Tätigkeitsbereiche, Gehälter wie in der Industrie und vieles mehr – melden Sie sich bei uns und wir unterstützen Sie auf Ihrem weiteren Karriereweg! Derzeit suchen wir nach einem Steuerberater (m/w/d) für eine unserer Partner-Kanzleien in Brandis Bei Rückfragen kannst du dich gerne jederzeit (auch nach deinem Feierabend) direkt telefonisch an Herrn Becker-Koch über folgende Nummer wenden: 015901431130 Aufgaben Wir bringen zusammen, was zusammengehört. Dabei spielt das passende Tätigkeitsprofil natürlich eine entscheidende Rolle. Bei unserer Partnerkanzlei können Sie sich Ihren Aufgabenbereich auf Basis Ihrer persönlichen Stärken und Schwächen selbst zusammenstellen. Erstellung und Review von Jahresabschlüssen Erstellung von Steuererklärungen für Personen- und Kapitalgesellschaften Steuerliche Sonderberatungsprojekte auf Basis individueller Qualifikationen B. in den Bereichen der Erbschaftsteuer oder des Umwandlungssteuerrechts Begleitung von Betriebsprüfungen Teamleitung und Personalverantwortung (optional) Weitere individuell wählbare Tätigkeitsbereiche , die Ihnen Freude bringen Qualifikation Am Ende sollte es für beide Seiten passen. Deshalb wäre es gut, wenn Sie sich in den folgenden Punkten wiederfinden. Kommunikative Art und Freude am Austausch mit Mandanten Sorgfältige , effiziente und gewissenhafte Arbeitsweise Offen für eine digitale Arbeitsweise Führungsverständnis und Verantwortungsbewusstsein gegenüber Mitarbeitern (optional) Ein erfolgreich abgeschlossenes Steuerberaterexamen Leidenschaft für steuerliche Themen Benefits Sie haben genug von 0815 Benefits, von denen Sie nicht wirklich profitieren? Dann sollten Sie einen Blick auf die nachfolgenden Benefits werfen. Außerordentliche Vergütung von 90.000 € bis 130.000 € / Jahr, auf Wunsch auch Partnerperspektive Flexible Gestaltung der Arbeitszeiten sowie die Option auf Home-Office Nettolohnoptimierung mit monatlichen 50,00€ Sachbezugsgutscheinen Umfangreiche Unterstützung bei Weiterbildungsmaßnahmen wie z.B. Fachberater Qualifikationen Modernste Ausstattung mit digitalen Prozessen Starker Teamzusammenhalt und regelmäßige Teamevents Schnell, unkompliziert und effizient Ihren Traumjob finden – ein Versprechen an Sie, dass wir aufgrund unseres selektiven, breit gefächerten und deutschlandweiten Kanzleinetzwerks halten werden. lhre Vorteile mit uns auf einen Blick: Sie führen keine unsinnigen Bewerbungsgespräche mehr, bei denen Sie während des Bewerbungsprozesses merken, dass es (bspw. wegen des Gehalts) sowieso nicht passt - wir klären vor Ihrem Bewerbungsgespräch all Ihre mit uns besprochenen Kriterien mit der Kanzlei ab. Wir führen Ihre Gehaltsverhandlungen und kennen die Gehaltsstrukturen der Branche dabei bestens. 100% Anonymität – solange Sie uns nicht das „Go“ geben und einem Kennenlernen mit Ihrem neuen potentiellen Arbeitgeber zustimmen, erfährt niemand von Ihrem Namen oder Ihren bisherigen Arbeitgebern – Ihre Ihnen wichtigen Kriterien können wir auch zunächst anonym mit unseren Partnerkanzleien klären. Attraktive Kanzleien – die Kanzleien in unserem breit gefächerten Kanzleinetzwerk sind selektiv ausgewählt und heben sich klar von “normalen” Kanzleien ab (z.B. hinsichtlich der Vergütung, Benefits, Hierarchien, Digitalisierungsgrad, Ausstattung etc.). Und das Beste: Unser gesamter Service ist unverbindlich und völlig kostenfrei für Sie. Find Jobs in Germany on Arbeitnow",False,"['Directors', 'Chief Executives']",[],arbeitnow,API | Git
"Steuerberater (m/w/d) in Obermeitingen, auf Wunsch mit Partnerperspektive, gesucht - mindestens 90.000€",Taxtalente.de,Obermeitingen,https://www.arbeitnow.com/jobs/companies/taxtalentede/steuerberater-in-obermeitingen-auf-wunsch-mit-partnerperspektive-gesucht-mindestens-90000eur-157138,26-05-25,"TaxTalente ist die Nr. 1 Job-Matching Plattform für Jobsuchende in der Steuerberatung. Sie suchen eine positive berufliche Veränderung? Sie möchten den nächsten Schritt in Ihrer Karriere gehen und streben möglicherweise sogar eine Partnerschaft in einer zukunftsorientierten Kanzlei an? Sie möchten endlich wieder in einem positiven Arbeitsumfeld arbeiten, in dem Sie finanziell und persönlich wertgeschätzt werden? Sie suchen nach Tätigkeiten, die Sie auch wirklich weiterbringen? Sofern Sie sich in mindestens einem der genannten Punkte wiederfinden, sollten Sie sich bei uns melden. Wir haben die attraktivsten Arbeitgeber der Steuerberatungsbranche in unserem Netzwerk und bringen zusammen, was zusammengehört. Grenzenlose Entwicklungschancen mit Partnermöglichkeiten, vielschichtige Tätigkeitsbereiche, Gehälter wie in der Industrie und vieles mehr – melden Sie sich bei uns und wir unterstützen Sie auf Ihrem weiteren Karriereweg! Derzeit suchen wir nach einem Steuerberater (m/w/d) für eine unserer Partner-Kanzleien in Obermeitingen Bei Rückfragen kannst du dich gerne jederzeit (auch nach deinem Feierabend) direkt telefonisch an Herrn Becker-Koch über folgende Nummer wenden: 015901431130 Aufgaben Wir bringen zusammen, was zusammengehört. Dabei spielt das passende Tätigkeitsprofil natürlich eine entscheidende Rolle. Bei unserer Partnerkanzlei können Sie sich Ihren Aufgabenbereich auf Basis Ihrer persönlichen Stärken und Schwächen selbst zusammenstellen. Erstellung und Review von Jahresabschlüssen Erstellung von Steuererklärungen für Personen- und Kapitalgesellschaften Steuerliche Sonderberatungsprojekte auf Basis individueller Qualifikationen B. in den Bereichen der Erbschaftsteuer oder des Umwandlungssteuerrechts Begleitung von Betriebsprüfungen Teamleitung und Personalverantwortung (optional) Weitere individuell wählbare Tätigkeitsbereiche , die Ihnen Freude bringen Qualifikation Am Ende sollte es für beide Seiten passen. Deshalb wäre es gut, wenn Sie sich in den folgenden Punkten wiederfinden. Kommunikative Art und Freude am Austausch mit Mandanten Sorgfältige , effiziente und gewissenhafte Arbeitsweise Offen für eine digitale Arbeitsweise Führungsverständnis und Verantwortungsbewusstsein gegenüber Mitarbeitern (optional) Ein erfolgreich abgeschlossenes Steuerberaterexamen Leidenschaft für steuerliche Themen Benefits Sie haben genug von 0815 Benefits, von denen Sie nicht wirklich profitieren? Dann sollten Sie einen Blick auf die nachfolgenden Benefits werfen. Außerordentliche Vergütung von 90.000 € bis 130.000 € / Jahr, auf Wunsch auch Partnerperspektive Flexible Gestaltung der Arbeitszeiten sowie die Option auf Home-Office Nettolohnoptimierung mit monatlichen 50,00€ Sachbezugsgutscheinen Umfangreiche Unterstützung bei Weiterbildungsmaßnahmen wie z.B. Fachberater Qualifikationen Modernste Ausstattung mit digitalen Prozessen Starker Teamzusammenhalt und regelmäßige Teamevents Schnell, unkompliziert und effizient Ihren Traumjob finden – ein Versprechen an Sie, dass wir aufgrund unseres selektiven, breit gefächerten und deutschlandweiten Kanzleinetzwerks halten werden. lhre Vorteile mit uns auf einen Blick: Sie führen keine unsinnigen Bewerbungsgespräche mehr, bei denen Sie während des Bewerbungsprozesses merken, dass es (bspw. wegen des Gehalts) sowieso nicht passt - wir klären vor Ihrem Bewerbungsgespräch all Ihre mit uns besprochenen Kriterien mit der Kanzlei ab. Wir führen Ihre Gehaltsverhandlungen und kennen die Gehaltsstrukturen der Branche dabei bestens. 100% Anonymität – solange Sie uns nicht das „Go“ geben und einem Kennenlernen mit Ihrem neuen potentiellen Arbeitgeber zustimmen, erfährt niemand von Ihrem Namen oder Ihren bisherigen Arbeitgebern – Ihre Ihnen wichtigen Kriterien können wir auch zunächst anonym mit unseren Partnerkanzleien klären. Attraktive Kanzleien – die Kanzleien in unserem breit gefächerten Kanzleinetzwerk sind selektiv ausgewählt und heben sich klar von “normalen” Kanzleien ab (z.B. hinsichtlich der Vergütung, Benefits, Hierarchien, Digitalisierungsgrad, Ausstattung etc.). Und das Beste: Unser gesamter Service ist unverbindlich und völlig kostenfrei für Sie. Find Jobs in Germany on Arbeitnow",False,"['Directors', 'Chief Executives']",[],arbeitnow,API | Git
Technischer Betriebsleiter / Teamleiter (m/w/d) für Wärmepumpen,Wärme mit Konzept GmbH,Bochum,https://www.arbeitnow.com/jobs/companies/warme-mit-konzept-gmbh/technischer-betriebsleiter-teamleiter-fur-warmepumpen-bochum-206677,26-05-25,"Wir haben große Träume. Wir wachsen. Wir sind klein, aber oho! Wir verändern Leben. Wir sind die WMK GmbH. Wir bieten 30 Urlaubstage. Kostenloser Kaffee, Softdrinks und Wasser. Kostenlose Parkplätze. Kostenlose Ladestation für Elektroautos. Offene Tür für alle. Individuelle Karriereentwicklung. Unser Team besteht aus Kolleginnen und Kollegen aus über 9 Nationen. Neues Büro mit Coworking Spaces und tollen Kolleginnen und Kollegen. Gute Anbindung an den öffentlichen Nahverkehr. Flexible Arbeitszeiten. Werde Teil von Wärme-mit-Konzept GmbH – dem Handwerksbetrieb der neuen Generation Du interessierst dich für moderne Heiztechnik und möchtest aktiv an der Energiewende mitarbeiten? Dann bist du bei uns genau richtig! Wir von Wärme-mit-Konzept GmbH sind ein stark wachsender Meisterbetrieb für Wärmepumpen und Photovoltaik mit Sitz in Essen. Um unser Wachstum weiter auszubauen, suchen wir eine engagierte und technisch versierte Führungskraft, die unser Handwerkerteam leitet und unsere Projekte mitgestaltet. Deine Aufgabe Leitung und Koordination der Handwerker-Teams im Bereich Wärmepumpen Planung und Organisation von Mitarbeitereinsätzen Technische Unterstützung bei Installation, Inbetriebnahme und Wartung von Wärmepumpenanlagen Eigenständige Bearbeitung und Lösung von Reklamationen Schulung und Einweisung neuer und bestehender Mitarbeiter Prüfung von Kundenprojekten und technische Vorbereitung vor Ort Baustellenorganisation Erstellung und Bereitstellung technischer Unterlagen Zusammenarbeit mit Projektmanagern bei komplexen Schema- oder Sonderlösungen Dein Profil Abgeschlossene Ausbildung im Bereich SHK, Heizung, Sanitär oder Elektrotechnik Mehrjährige Berufserfahrung, idealerweise mit Führungsverantwortung Fundierte Kenntnisse im Bereich Wärmepumpentechnik Organisationstalent und ausgeprägtes Verantwortungsbewusstsein Strukturierte, lösungsorientierte und selbstständige Arbeitsweise Sicheres Auftreten im Umgang mit Kunden und Mitarbeitern Führerschein Klasse B Wir bieten dir Eine verantwortungsvolle Position mit Gestaltungsspielraum Ein motiviertes, familiäres Team und flache Hierarchien Moderne technische Ausstattung und effiziente Prozesse Möglichkeit zur Weiterbildung und persönlichen Entwicklung Leistungsgerechte Vergütung und langfristige Perspektive Interesse? Dann freuen wir uns auf deine Bewerbung! Schick uns einfach deine Unterlagen oder eine kurze Vorstellung per E-Mail an: 👉 Essen | www.waermemitkonzept.de Find more English Speaking Jobs in Germany on Arbeitnow",False,"['Technical', 'high school or equivalent']","['Contract', 'experienced']",arbeitnow,
"Finanzberatung für Frauen und Familien, Nebenberuflich, 100% Home Office möglich, 2. Standbein",Femvestory,Hamburg,https://www.arbeitnow.com/jobs/companies/femvestory/finanzberatung-fur-frauen-und-familien-nebenberuflich-100-home-office-moglich-2-standbein-hamburg-49557,26-05-24,"Hi, wir sind Elisabeth und Lena von Femvestory und möchten besonders Frauen und Familien beim Thema Finanzen unterstützen. Um unser junges Team weiter wachsen lassen zu können, suchen wir motivierte Menschen die Lust haben im Finanzbereich durchzustarten. Wir möchten Menschen verstehen und sie langfristig begleiten. Ehrlich, auf Augenhöhe und unverbindlich. Aufgaben Beratung und Unterstützung von Frauen und Familien bei der finanziellen Planung und Entscheidungsfindung Betreuung der Einführungsveranstaltungen + Vorstellung unserer Arbeit Entwicklung maßgeschneiderter Finanzstrategien mit uns zusammen, die auf die individuellen Bedürfnisse und Ziele der Kundinnen und Kunden abgestimmt sind Durchführung von Online-Seminaren und Workshops zu Themen der Finanzbildung und Anlageberatung Aufbau und Pflege langfristiger Kundenbeziehungen durch regelmäßige Kommunikation und Follow-ups Kontinuierliche Weiterbildung und Anpassung an aktuelle Entwicklungen im Finanzsektor, um stets kompetente Beratung zu gewährleisten Qualifikation Ehrlichkeit und der Drang Dinge wirklich verändern zu wollen Einsatzbereitschaft und klare Kommunikation (auch wenn Dinge schwierug werden) Selbständige und eigenverantwortliche Arbeitsweise, gute Selbstorganisation insbesondere im Home-Office-Umfeld. Flexibilität und Bereitschaft, sich kontinuierlich weiterzubilden und an neuen Herausforderungen zu wachsen. Du scheust dich nicht mit Menschen in Kontakt zu treten, zu telefonieren und ihnen auch aktiv zuzuhören. Lust darauf, sich mit Unterstützung was eigenes aufzubauen - 2. Standbein neben dem Hauptberuf Benefits - 100% Home Office möglich (Büro ebenfalls vorhanden, das entscheidest du) - überdurchschnittliche Gehaltsmöglichkeiten - nettes, junges und ehrliches Team - anpassbar an deine Lebenssituation (ob neben Studium, Hauptjob etc.) - fundierte Einarbeitung, Weiterbildungen und Seminare (auf Wunsch sogar IHK Ausbildung möglich) - wir begleiten dich so wie du es dir wünscht - kein Geldinvest, wir stellen alle Programme, Mails etc. - flexibel, unkompliziert und nach Absprache arbeiten wie du es willst Menschen zählen mehr als Qualifikationen oder Abschlüsse! Wir suchen besonders junge Frauen, die Lust haben sich etwas neben ihrem Hauptberuf aufzubauen. Entscheidend ist für uns nicht was du schon kannst, sondern was du gerne möchtest. Wenn du Lust hast auf das Thema Geld, Finanzen und Female Finance aber keine Lust auf schmierige Typen in Anzügen, dann melde dich gern bei uns und wir schauen ob wir zusammen passen. Wir möchten Frauen dabei helfen weiter zu wachsen. Wir freuen uns auf dich Elisabeth und Lena Find Jobs in Germany on Arbeitnow",False,"['Asset', 'Fonds Management']","['Side', 'berufseinstieg']",arbeitnow,
"Software Engineer, Platform - Berlin, Germany",Speechify,"Berlin, Berlin, Germany",https://www.arbeitnow.com/jobs/companies/speechify/software-engineer-platform-berlin-germany-208651,26-05-24,"The mission of Speechify is to make sure that reading is never a barrier to learning. Over 50 million people use Speechify's text-to-speech products to turn whatever they're reading – PDFs, books, Google Docs, news articles, websites – into audio, so they can read faster, read more, and remember more. Speechify's text-to-speech reading products include its iOS app, Android App, Mac App, Chrome Extension, and Web App. Google recently named Speechify the Chrome Extension of the Year and Apple named Speechify its 2025 Design Award winner for Inclusivity. Today, nearly 200 people around the globe work on Speechify in a 100% distributed setting – Speechify has no office. These include frontend and backend engineers, AI research scientists, and others from Amazon, Microsoft, and Google, leading PhD programs like Stanford, high growth startups like Stripe, Vercel, Bolt, and many founders of their own companies. Overview The responsibilities of our Platform team include building and maintaining all backend services, including, but not limited to, payments, analytics, subscriptions, new products, text to speech, and external APIs. This is a key role and ideal for someone who thinks strategically, enjoys fast-paced environments, is passionate about making product decisions, and has experience building great user experiences that delight users. We are a flat organization that allows anyone to become a leader by showing excellent technical skills and delivering results consistently and fast. Work ethic, solid communication skills, and obsession with winning are paramount. Our interview process involves several technical interviews and we aim to complete them within 1 week. What Yo u' ll Do Design, develop, and maintain robust APIs including public TTS API, internal APIs like Payment, Subscription, Auth and Consumption Tracking, ensuring they meet business and scalability requirements Oversee the full backend API landscape, enhancing and optimizing for performance and maintainability Collaborate on B2B solutions, focusing on customization and integration needs for enterprise clients Work closely with cross-functional teams to align backend architecture with overall product strategy and user experience An Ideal Candidate Should Have Proven experience in backend development: TS/Node (required) Direct experience with GCP and knowledge of AWS, Azure, or other cloud providers Efficiency in ideation and implementation, prioritizing tasks based on urgency and impact Preferred: Experience with Docker and containerized deployments Preferred: Proficiency in deploying high availability applications on Kubernetes What We Offer A dynamic environment where your contributions shape the company and its products A team that values innovation, intuition, and drive Autonomy, fostering focus and creativity The opportunity to have a significant impact in a revolutionary industry Competitive compensation, a welcoming atmosphere, and a commitment to an exceptional asynchronous work culture The privilege of working on a product that changes lives, particularly for those with learning differences like dyslexia, ADD, and more An active role at the intersection of artificial intelligence and audio – a rapidly evolving tech domain Think you're a good fit for this job? Tell us more about yourself and why you're interested in the role when you apply. And don't forget to include links to your portfolio and LinkedIn. Not looking but know someone who would make a great fit? Refer them! Speechify is committed to a diverse and inclusive workplace. Speechify does not discriminate on the basis of race, national origin, gender, gender identity, sexual orientation, protected veteran status, disability, age, or other legally protected status. Find Jobs in Germany on Arbeitnow",False,[],[],arbeitnow,Excel | API | Docker | AWS | Azure
"Software Engineer, Data Infrastructure & Acquisition - Stuttgart, Germany",Speechify,"Stuttgart, Baden-Württemberg, Germany",https://www.arbeitnow.com/jobs/companies/speechify/software-engineer-data-infrastructure-acquisition-stuttgart-germany-127438,26-05-24,"The mission of Speechify is to make sure that reading is never a barrier to learning. Over 50 million people use Speechify's text-to-speech products to turn whatever they're reading – PDFs, books, Google Docs, news articles, websites – into audio, so they can read faster, read more, and remember more. Speechify's text-to-speech reading products include its iOS app, Android App, Mac App, Chrome Extension, and Web App. Google recently named Speechify the Chrome Extension of the Year and Apple named Speechify its 2025 Design Award winner for Inclusivity. Today, nearly 200 people around the globe work on Speechify in a 100% distributed setting – Speechify has no office. These include frontend and backend engineers, AI research scientists, and others from Amazon, Microsoft, and Google, leading PhD programs like Stanford, high growth startups like Stripe, Vercel, Bolt, and many founders of their own companies. Overview We're looking to hire for our Data side of our AI team at Speechify. This role is responsible for all aspects of data collection to support our model training operations. We are able to build high-quality datasets at petabyte-scale and low cost through a tight integration of infrastructure, engineering, and research work. We are looking for a skilled Software Engineer to join us. What You'll Do Be scrappy to find new sources of audio data and bring it into our ingestion pipeline Operate and extend the cloud infrastructure for our ingestion pipeline, currently running on GCP and managed with Terraform. Collaborate closely with our Scientists to shift the cost/throughput/quality frontier, delivering richer data at bigger scale and lower cost to power our next-generation models. Collaborate with others on the AI Team and Speechify Leadership to craft the AI Team's dataset roadmap to power Speechify's next-generation consumer and enterprise products. An Ideal Candidate Should Have BS/MS/PhD in Computer Science or a related field. 5+ years of industry experience in software development. Proficiency with bash/Python scripting in Linux environments Proficiency in Docker and Infrastructure-as-Code concepts and professional experience with at least one major Cloud Provider (we use GCP) Experience with web crawlers, large-scale data processing workflows is a plus Ability to handle multiple tasks and adapt to changing priorities. Strong communication skills, both written and verbal. What we offer A fast-growing environment where you can help shape the company and product. An entrepreneurial-minded team that supports risk, intuition, and hustle. A hands-off management approach so you can focus and do your best work. An opportunity to make a big impact in a transformative industry. Competitive salaries, a friendly and laid-back atmosphere, and a commitment to building a great asynchronous culture. Opportunity to work on a life-changing product that millions of people use. Build products that directly impact and support people with learning differences like dyslexia, ADD, low vision, concussions, autism, and more. Work in one of the fastest-growing sectors of tech, the intersection of artificial intelligence and audio. Think you're a good fit for this job? Tell us more about yourself and why you're interested in the role when you apply. And don't forget to include links to your portfolio and LinkedIn. Not looking but know someone who would make a great fit? Refer them! Speechify is committed to a diverse and inclusive workplace. Speechify does not discriminate on the basis of race, national origin, gender, gender identity, sexual orientation, protected veteran status, disability, age, or other legally protected status. Find more English Speaking Jobs in Germany on Arbeitnow",False,[],[],arbeitnow,Python | Docker
Senior Account Manager,Wolt - English,"Stuttgart, Baden-Württemberg, Germany",https://www.arbeitnow.com/jobs/companies/wolt-english/senior-account-manager-stuttgart-105192,26-05-24,"About Wolt At Wolt, we create technology that brings joy, simplicity and earnings to the neighborhoods of the world. In 2014 we started with delivery of restaurant food. Now we're building the delivery of (almost) everything and you'll find us in over 500 cities in 30 countries around the world. In 2022 we joined forces with DoorDash and together we keep on dreaming big and expanding across the globe. Working at Wolt isn't always easy, but it's definitely exciting. Here you'll learn more, build more, and ship more than in most other companies. You'll be challenged a lot, but also have a lot of fun on the way. So, if you're a self-starter with drive and entrepreneurial spirit, this could be the ride of your life. Are you an experienced and strategic account manager with a true 'service first' and analytical mindset? Does a challenging role in one of Europe's fastest-growing companies interest you? If so, then we'd love to chat! What you'll be doing Our Account Management team lies at the heart and soul of Wolt, ensuring all our existing restaurant partners and Wolts success in Germany. As Wolt grows both in scale and scope of offering, the strength of our account management engine must grow with it. As a Senior Account Manager at Wolt, you will be responsible for managing our largest SMB merchants, increasing the adoption of Wolt's products and driving their growth on the platform. In this role, you will drive commercial negotiations, close complex deals in a competitive landscape, analyze and synthesize large datasets and manage your portfolio with a consultative approach. Day-to-day in this role you'll: Wolt´s Products: Leverage your business acumen and analytical abilities to raise the adoption of Wolt's products and services among the restaurant partners within your portfolio. Strategic Partnerships: Drive complex commercial negotiations to strengthen the partnership with key restaurant partners, while meeting financial targets for these accounts. Portfolio Performance: Constantly monitor your portfolio's performance, interpret complex data sets and provide data-driven consultancy to your partners. Business Reviews: Conduct periodic meetings, present business reviews and lead discussions with a consultative approach. Collaboration: Work closely together with the Marketing team to plan and execute campaigns together with restaurant partners. Mentorship: Be a senior presence and source of knowledge on the team, and help others level up through training and mentorship. Market Analysis: Actively monitor the competitive landscape and feedback loop to influence Wolt's product improvements. Our humble expectations Experience: +5 years experience in a client-facing, commercial role such as Account Management, Sales or Marketing positions. Strategic thinking: Commercial acumen with a consultative approach to client management: you understand the financial drivers of the industry and proactively identify opportunities that will ensure the growth of both your accounts while meeting the Wolt's KPIs and financial targets. Data-driven: Knowledge or previous exposure to analytical dashboards (ex. Looker, Power BI, SQL knowledge). Sales: Sales oriented mindset with strong (verbal and written) communication skills and passion for leading strategic conversations in a dynamic and competitive landscape. Time Management: Good time-management skills with a problem-solving attitude Interpersonal Skills: Excellent interpersonal skills with the ability to adapt the tone to suit the audience. Proactivity: High sense of ownership and proactivity Tools: Knowledge or previous exposure to analytical dashboards (ex. Looker, Power BI) or data-driven decision-making. Advanced Microsoft Excel / Google Sheets knowledge Language Skills: Fluent in German and excellent English skills. What we offer Dynamic Environment: An opportunity to work in a fast-growing tech company with a startup mindset. Impactful Work: The chance to make a significant impact on the growth and success of our restaurant partners. Collaborative Culture: A supportive and inclusive team culture that values innovation and continuous improvement. Professional Growth: Opportunities for personal and professional development within a global organization. Next steps Introduction meeting (You to Wolt and Wolt to you) Meeting with your potential Manager Show us why you're the best candidate for the role! (Assignment stage) Final interview where we make sure we are a perfect fit for each other Our Commitment to Diversity and Inclusion We're committed to growing and empowering a more inclusive community within our company, industry, and cities. That's why we hire and cultivate diverse teams of people from all backgrounds, experiences, and perspectives. We believe that true innovation happens when everyone has room at the table and the tools, resources, and opportunity to excel. Find Jobs in Germany on Arbeitnow",False,[],[],arbeitnow,SQL | Excel | Google Sheets | Power BI
Venture Manager | €110k base + Equity | Berlin,GENZ4GTM,Berlin,https://www.arbeitnow.com/jobs/companies/genz4gtm/venture-manager-eur110k-base-equity-berlin-469084,26-05-24,"On behalf of our client, a fast-growing, innovative company in Berlin, we are seeking a dynamic and entrepreneurial Venture Manager . In this pivotal role, you will act as a strategic driver within their core operations, bridging the gap between ambitious talent and high-growth organizational needs. This position offers a highly competitive base salary of €110k plus equity , making it a unique opportunity for a performance-driven professional looking to make a massive, tangible impact on a scaling business. If you thrive in fast-paced environments and excel at nurturing high-level relationships, this is your chance to shape the future of their strategic operations. Tasks Venture Scaling: Architect and execute commercial and operational strategies designed to rapidly accelerate market share and revenue growth. Strategic Networking: Proactively scout, build, and nurture a premium network of clients, strategic allies, and institutional stakeholders to expand the business footprint. Project & Campaign Delivery: Direct cross-functional internal teams from concept to execution on high-priority business initiatives and target-audience campaigns. Strategic Insights: Track competitor moves and macroeconomic trends to pivot internal strategies swiftly and secure first-mover advantages. Operational Governance: Align with senior leadership to set aggressive operational targets, ensuring day-to-day execution maps perfectly to the overarching company mission. Requirements Proven experience in venture capital, private equity, or startup environments, with a focus on go-to-market strategies. Strong understanding of demographics and the ability to engage and connect with new business opportunities by onesef only. Excellent analytical skills with the ability to assess market opportunities and make data-driven investment decisions. Exceptional communication and interpersonal skills, with the capability to build relationships with founders, entrepreneurs, and stakeholders. Fluency in English, both written and spoken; proficiency in German is a plus. Benefits Equity (every Berlin employee gets real shares) BVG transport subsidy Breakfast and lunch in the office, daily Language courses Urban Sports Club 5 days a week in the Berlin office Join as a Venture Manager in Berlin. Earn €110k + equity while growing a generational company. Find more English Speaking Jobs in Germany on Arbeitnow",False,"['Management', 'Team Leader']",['manager'],arbeitnow,Excel | API
Vertriebsingenieur / Sales Engineer (m/w/d),Rahantech GmbH,Berlin,https://www.arbeitnow.com/jobs/companies/rahantech-gmbh/vertriebsingenieur-sales-engineer-berlin-80118,26-05-24,"Tasks Technische und kaufmännische Beratung von Kunden und Interessenten Analyse von Kundenanforderungen und Entwicklung passender technischer Lösungen Erstellung, Kalkulation und Nachverfolgung von Angeboten Durchführung von Produktpräsentationen sowie Vertrags- und Preisverhandlungen Enge Zusammenarbeit mit internen Abteilungen (z. B. Engineering, Projektmanagement, Produktion) Betreuung und Ausbau bestehender Kundenbeziehungen Aktive Neukundengewinnung und Markterschließung Beobachtung von Markt- und Wettbewerbsentwicklungen Begleitung von Projekten von der Anfrage bis zum Vertragsabschluss Requirements Abgeschlossenes Studium im Bereich Elektrotechnik, Maschinenbau, Wirtschaftsingenieurwesen oder vergleichbare technische Ausbildung Alternativ: technische Ausbildung mit relevanter Erfahrung im technischen Vertrieb Erste Berufserfahrung im B2B-Vertrieb / technischen Vertrieb von Vorteil Gutes technisches Verständnis und Interesse an erklärungsbedürftigen Produkten Ausgeprägte Kommunikations- und Verhandlungsfähigkeiten Kundenorientierte, strukturierte und selbstständige Arbeitsweise Teamfähigkeit und unternehmerisches Denken Sehr gute Englischkenntnisse, gute Deutschkenntnisse Find more English Speaking Jobs in Germany on Arbeitnow",False,['Engineering'],['entry'],arbeitnow,
E Commerce Growth Manager (m/w/d) - Beauty & Skincare | remote 15-20h/Woche,111brands GmbH,Berlin,https://www.arbeitnow.com/jobs/companies/111brands-gmbh/e-commerce-growth-manager-beauty-skincare-remote-15-20h-woche-berlin-114650,26-05-24,"Bei Candycush stehen wir für effektive Skincare-Lösungen, wissenschaftlich erprobte Wirkstoffe und Produkte, die halten, was sie versprechen. Über 100.000 Frauen vertrauen unserer Brand – und wir wachsen weiter. Jetzt geht es darum, die nächste Wachstumsphase aufzusetzen. Dafür suchen wir einen Direct Response Erfahrenen Senior, der unser Marketing strategisch denkt und operativ führt – auf Augenhöhe mit dem Founder-Team und mit klarem Blick auf Performance. Arbeitspensum: 15–20 Stunden / Woche, Freelance, Erweiterung möglich Remote: Ja, Freelance (DACH-Zeitzone) Aufgaben Paid Social & Direct Response Creative: Du steuerst unsere Performance-Creatives auf Meta. Hooks und Angles strategisch setzen, Skripte mit dem Founder-Team finalisieren, Iterationen testen und Winning Creatives skalieren. Team-Koordination: Du übernimmst Schritt für Schritt die operative Führung unseres Marketing-Teams – Copywriter, Video Editor und mit der Zeit weitere Bereiche. Ziel ist ein eingespieltes Setup mit klaren Workflows und planbarem Output. Funnel & Conversion: Du baust und optimierst unsere Funnel-Architektur (Landing Pages, Produktseiten, Checkout-Flow) im Zusammenspiel mit Creative. Wachstumsstrategie: Du identifizierst neue Hebel – Channels, Angles, Märkte, Produkt-Bundles – und bringst sie mit konkretem Umsetzungsplan auf den Tisch. Performance Ownership: Du wertest die relevanten KPIs aus, leitest klare Entscheidungen ab und führst Marketing mit Blick auf die Zahlen, nicht auf Bauchgefühl. Qualifikation 3+ Jahre Erfahrung im Performance Marketing oder Growth bei DTC / E-Commerce Operative Tiefe in Meta Ads und Direct Response Creative Prozesse Nachweisbare Cases: Brands, die du operativ mit aufgebaut oder skaliert hast Erfahrung in der Steuerung kleiner Teams (Copy, Video, Creator) Stark in Funnel-Denken und Conversion-Optimierung Erfahrung mit AI-gestützten Workflows in Creative Production (must have) Du arbeitest hands-on und strategisch Nice-to-Have Background in Beauty / Skincare / Wellness Erfahrung in Brand-Aufbau jenseits reiner Akquisition (Retention, Community) Wie Erfolg in dieser Rolle aussieht Kontinuierlicher, planbarer Output an Performance-Creatives Steigende Conversion durch besseres Zusammenspiel von Creative und Funnel Klar dokumentierte Workflows und ein eingespieltes Team Neue Wachstumshebel werden identifiziert und systematisch getestet Find Jobs in Germany on Arbeitnow",False,['Marketing and Communication'],[],arbeitnow,
Growth & Performance Marketing Manager (m/w/d) - Beauty & Skincare | remote 15-20h/Woche,111brands GmbH,Munich,https://www.arbeitnow.com/jobs/companies/111brands-gmbh/growth-performance-marketing-manager-beauty-skincare-remote-15-20h-woche-munich-285556,26-05-24,"Bei Candycush stehen wir für effektive Skincare-Lösungen, wissenschaftlich erprobte Wirkstoffe und Produkte, die halten, was sie versprechen. Über 100.000 Frauen vertrauen unserer Brand – und wir wachsen weiter. Jetzt geht es darum, die nächste Wachstumsphase aufzusetzen. Dafür suchen wir einen Direct Response Erfahrenen Senior, der unser Marketing strategisch denkt und operativ führt – auf Augenhöhe mit dem Founder-Team und mit klarem Blick auf Performance. Arbeitspensum: 15–20 Stunden / Woche, Erweiterung möglich Remote: Ja, (DACH-Zeitzone) Aufgaben Paid Social & Direct Response Creative: Du steuerst unsere Performance-Creatives auf Meta. Hooks und Angles strategisch setzen, Skripte mit dem Founder-Team finalisieren, Iterationen testen und Winning Creatives skalieren. Team-Koordination: Du übernimmst Schritt für Schritt die operative Führung unseres Marketing-Teams – Copywriter, Video Editor und mit der Zeit weitere Bereiche. Ziel ist ein eingespieltes Setup mit klaren Workflows und planbarem Output. Funnel & Conversion: Du baust und optimierst unsere Funnel-Architektur (Landing Pages, Produktseiten, Checkout-Flow) im Zusammenspiel mit Creative. Wachstumsstrategie: Du identifizierst neue Hebel – Channels, Angles, Märkte, Produkt-Bundles – und bringst sie mit konkretem Umsetzungsplan auf den Tisch. Performance Ownership: Du wertest die relevanten KPIs aus, leitest klare Entscheidungen ab und führst Marketing mit Blick auf die Zahlen, nicht auf Bauchgefühl. Qualifikation 3+ Jahre Erfahrung im Performance Marketing oder Growth bei DTC / E-Commerce Operative Tiefe in Meta Ads und Direct Response Creative Prozesse Nachweisbare Cases: Brands, die du operativ mit aufgebaut oder skaliert hast Erfahrung in der Steuerung kleiner Teams (Copy, Video, Creator) Stark in Funnel-Denken und Conversion-Optimierung Erfahrung mit AI-gestützten Workflows in Creative Production (must have) Du arbeitest hands-on und strategisch Nice-to-Have Background in Beauty / Skincare / Wellness Erfahrung in Brand-Aufbau jenseits reiner Akquisition (Retention, Community) Wie Erfolg in dieser Rolle aussieht Kontinuierlicher, planbarer Output an Performance-Creatives Steigende Conversion durch besseres Zusammenspiel von Creative und Funnel Klar dokumentierte Workflows und ein eingespieltes Team Neue Wachstumshebel werden identifiziert und systematisch getestet Find more English Speaking Jobs in Germany on Arbeitnow",True,"['Remote', 'Marketing and Communication']",[],arbeitnow,
Junior Artist Manager / Influencer Manager (m/w/d),Lionflence,Mülheim,https://www.arbeitnow.com/jobs/companies/lionflence/junior-artist-manager-influencer-manager-mulheim-262538,26-05-24,"Was wir Dir bieten: Eine spannende Herausforderung, in der du dich weiterentwickeln kannst, rundum den Bereich Artistmanagement Medien/Social Media, Influencer Marketing und den dazugehörigen Technologien (Software Systeme) Perfekt abgestimmte selbst entwickelte Softwaresysteme für dich als Artistmanager/in und für deine Artists Eine verantwortungsvolle Position in einem engagierten Team Eigenverantwortliches Arbeiten Freiraum zum aktiven Gestalten durch flache Hierarchien und flexible Strukturen Ein vielseitiges, anspruchsvolles und spannendes Aufgabengebiet mit renommierten Kunden So sieht Work-Life-Balance aus: 30 Tage Urlaub Konstruktives Feedback wird gerne gesehen Unsere Firmenkultur hat offene Türen & Ohren, coole Kolleg*innen und Spaß bei der Arbeit Ein hochmotiviertes, leistungsfähiges Team, welches gemeinsam arbeitet - aber auch gerne gemeinsame Erfolge feiert. Mitgestalten statt nur mitschwimmen - aktive Mitarbeit an fachlichen und kulturellen Themen die auch über den Tellerand hinausgehen Eine spannende Herausforderung, in der du dich weiterentwickeln kannst, rundum den Bereich Medien/Social Media, Influencer Marketing und den dazugehörigen Technologien (Software Systeme) Firmenhandy Firmenlaptop Aufgaben Welche Aufgaben hättest Du? Du unterstützt bei der Absprache unserer internen Talente Du unterstützt bei der Suche nach neuen Kooperationspartnern, erstellst neue Angebote und bearbeitest eingehende Anfragen Du arbeitest an deinem Verhandlungsgeschick bei Verträgen sowie bei Preisverhandlungen mit Anbietern und Dienstleistern (Kooperationspartnern) Du unterstützt die Artistmanager zu Konzepte wie auch Content-Formate für Talents und hilfst dabei diese zu realisieren Du fungierst als Schnittstelle zwischen den Talents und unseren Partnern, planst ihren Einsatz und sorgst für ihr Wohlbefinden Du identifizierst und akquirierst mögliche neue Kooperationspartnern und zukünftige Formate und Sendungen Qualifikation Das bringst Du mit: mind. 1 Jahr Erfahrung im Bereich Influencer Marketing, Online Marketing z.B. in einer Digital, Social Media oder PR-Agentur Interesse und Gespür für neueste Digital- & Konsumententrends Sicherer Umgang mit allen gängigen Social Media Netzwerken und Online-Communities Idealerweise bereits Erfahrung in der Umsetzung und/oder der Konzeption von Social Media und Influencer Marketing Kampagnen Hohe Kreativität und Motivation Fließende Deutschkenntnisse und Englischkenntnisse in Wort und Schrift Über uns: Die Lionflence ist ein junges Unternehmen, welches sich auf Online Marketing, sowie Management spezialisiert hat. Aktuell ist der Hauptsitz in Mülheim an der Ruhr und Berlin gehört seit August 2022 dazu. Zudem unterstützen wir Unternehmen im Bereich Markenaufbau und entwickeln eigene Softwaresysteme. Es erwartet Dich ein erfolgreiches Unternehmen mit flachen Hierarchien. Als Circle-of-Marketing bieten wir Kunden ein umfassendes 360°-Dienstleistungspaket und somit auch Services, die über die gewohnten Dienstleistungen einer Marketing-Agentur hinausgehen.Unser idealer Kandidat ist ein Teamplayer mit ausgeprägten Fähigkeiten im Bereich zwischenmenschlicher Kommunikation und verfügt über praktische Erfahrung.Du hast ein starkes Interesse Artists zu betreuen und möchtest ab sofort spannende Aufgaben in dem Bereich Artist Management übernehmen?Du organisierst leidenschaftlich gerne und bist ein aufgeschlossener Mensch? Dann könntest du perfekt zu uns passen! Find more English Speaking Jobs in Germany on Arbeitnow",False,['Marketing and Communication'],[],arbeitnow,Git
Junior Artist Manager / Influencer Manager (m/w/d),Lionflence,Berlin,https://www.arbeitnow.com/jobs/companies/lionflence/junior-artist-manager-influencer-manager-berlin-164697,26-05-24,"Was wir Dir bieten: Eine spannende Herausforderung, in der du dich weiterentwickeln kannst, rundum den Bereich Artistmanagement Medien/Social Media, Influencer Marketing und den dazugehörigen Technologien (Software Systeme) Perfekt abgestimmte selbst entwickelte Softwaresysteme für dich als Artistmanager/in und für deine Artists Eine verantwortungsvolle Position in einem engagierten Team Eigenverantwortliches Arbeiten Freiraum zum aktiven Gestalten durch flache Hierarchien und flexible Strukturen Ein vielseitiges, anspruchsvolles und spannendes Aufgabengebiet mit renommierten Kunden So sieht Work-Life-Balance aus: 30 Tage Urlaub Konstruktives Feedback wird gerne gesehen Unsere Firmenkultur hat offene Türen & Ohren, coole Kolleg*innen und Spaß bei der Arbeit Ein hochmotiviertes, leistungsfähiges Team, welches gemeinsam arbeitet - aber auch gerne gemeinsame Erfolge feiert. Mitgestalten statt nur mitschwimmen - aktive Mitarbeit an fachlichen und kulturellen Themen die auch über den Tellerand hinausgehen Eine spannende Herausforderung, in der du dich weiterentwickeln kannst, rundum den Bereich Medien/Social Media, Influencer Marketing und den dazugehörigen Technologien (Software Systeme) Firmenhandy Firmenlaptop Aufgaben Welche Aufgaben hättest Du? Du unterstützt bei der Absprache unserer internen Talente Du unterstützt bei der Suche nach neuen Kooperationspartnern, erstellst neue Angebote und bearbeitest eingehende Anfragen Du arbeitest an deinem Verhandlungsgeschick bei Verträgen sowie bei Preisverhandlungen mit Anbietern und Dienstleistern (Kooperationspartnern) Du unterstützt die Artistmanager zu Konzepte wie auch Content-Formate für Talents und hilfst dabei diese zu realisieren Du fungierst als Schnittstelle zwischen den Talents und unseren Partnern, planst ihren Einsatz und sorgst für ihr Wohlbefinden Du identifizierst und akquirierst mögliche neue Kooperationspartnern und zukünftige Formate und Sendungen Qualifikation Das bringst Du mit: mind. 1 Jahr Erfahrung im Bereich Influencer Marketing, Online Marketing z.B. in einer Digital, Social Media oder PR-Agentur Interesse und Gespür für neueste Digital- & Konsumententrends Sicherer Umgang mit allen gängigen Social Media Netzwerken und Online-Communities Idealerweise bereits Erfahrung in der Umsetzung und/oder der Konzeption von Social Media und Influencer Marketing Kampagnen Hohe Kreativität und Motivation Fließende Deutschkenntnisse und Englischkenntnisse in Wort und Schrift Über uns: Die Lionflence ist ein junges Unternehmen, welches sich auf Online Marketing, sowie Management spezialisiert hat. Aktuell ist der Hauptsitz in Mülheim an der Ruhr und Berlin gehört seit August 2022 dazu. Zudem unterstützen wir Unternehmen im Bereich Markenaufbau und entwickeln eigene Softwaresysteme. Es erwartet Dich ein erfolgreiches Unternehmen mit flachen Hierarchien. Als Circle-of-Marketing bieten wir Kunden ein umfassendes 360°-Dienstleistungspaket und somit auch Services, die über die gewohnten Dienstleistungen einer Marketing-Agentur hinausgehen.Unser idealer Kandidat ist ein Teamplayer mit ausgeprägten Fähigkeiten im Bereich zwischenmenschlicher Kommunikation und verfügt über praktische Erfahrung.Du hast ein starkes Interesse Artists zu betreuen und möchtest ab sofort spannende Aufgaben in dem Bereich Artist Management übernehmen?Du organisierst leidenschaftlich gerne und bist ein aufgeschlossener Mensch? Dann könntest du perfekt zu uns passen! Find more English Speaking Jobs in Germany on Arbeitnow",False,['Marketing and Communication'],[],arbeitnow,Git
Artist Manager / Influencer Manager (m/w/d) BERLIN,Lionflence,Berlin,https://www.arbeitnow.com/jobs/companies/lionflence/artist-manager-influencer-manager-berlin-183582,26-05-24,"Was wir Dir bieten: Eine spannende Herausforderung, in der du dich weiterentwickeln kannst, rundum den Bereich Artistmanagement Medien/Social Media, Influencer Marketing und den dazugehörigen Technologien (Software Systeme) Perfekt abgestimmte selbst entwickelte Softwaresysteme für dich als Artistmanager/in und für deine Artists Eine verantwortungsvolle Position in einem engagierten Team Eigenverantwortliches Arbeiten Freiraum zum aktiven Gestalten durch flache Hierarchien und flexible Strukturen Ein vielseitiges, anspruchsvolles und spannendes Aufgabengebiet mit renommierten Kunden So sieht Work-Life-Balance aus: 30 Tage Urlaub Konstruktives Feedback wird gerne gesehen Unsere Firmenkultur hat offene Türen & Ohren, coole Kolleg*innen und Spaß bei der Arbeit Ein hochmotiviertes, leistungsfähiges Team, welches gemeinsam arbeitet - aber auch gerne gemeinsame Erfolge feiert. Mitgestalten statt nur mitschwimmen - aktive Mitarbeit an fachlichen und kulturellen Themen die auch über den Tellerand hinausgehen Eine spannende Herausforderung, in der du dich weiterentwickeln kannst, rundum den Bereich Medien/Social Media, Influencer Marketing und den dazugehörigen Technologien (Software Systeme) Firmenhandy Firmenlaptop Du arbeitest mit den neusten System, die Inhouse entwickelt wurden. Dazu gehören z.b Hiimia und unser eigenes Management System Aufgaben Welche Aufgaben hättest Du? Du bist erster Ansprechpartner für unsere internen Talente Du unterstützt bei der Suche nach neuen Kooperationspartnern, erstellst neue Angebote und bearbeitest eingehende Anfragen Du zeigst dein Verhandlungsgeschick bei Verträgen sowie bei Preisverhandlungen mit Anbietern und Dienstleistern (Kooperationspartnern) Du entwickelst zusammen mit den Talents Konzepte wie auch Content-Formate und unterstützt sie bei der Realisierung Du fungierst als Schnittstelle zwischen den Talents und unseren Partnern, planst ihren Einsatz und sorgst für ihr Wohlbefinden Du identifizierst und akquirierst mögliche neue Talente für bestehende und zukünftige Formate und Sendungen Gemeinsam helfen wir ihnen, zukunftsorientiert zu arbeiten und schaffen neue Möglichkeiten über das Artist dasein hinaus Qualifikation Das bringst Du mit: mind. 1-3 Jahre Erfahrung im Bereich Influencer Marketing, Online Marketing z.B. in einer Digital, Social Media oder PR-Agentur Interesse und Gespür für neueste Digital- & Konsumententrends Sicherer Umgang mit allen gängigen Social Media Netzwerken und Online-Communities Idealerweise bereits Erfahrung in der Umsetzung und/oder der Konzeption von Social Media und Influencer Marketing Kampagnen Hohe Kreativität und Motivation Fließende Deutschkenntnisse und Englischkenntnisse in Wort und Schrift Über uns: Die Lionflence ist ein Unternehmen, welches sich auf Online Marketing, sowie Management spezialisiert hat. Aktuell ist der Hauptsitz in Mülheim an der Ruhr und wir sind auch in Berlin Spandau vertreten. (Eiswerderinsel) Zudem unterstützen wir Unternehmen im Bereich Markenaufbau und entwickeln eigene Softwaresysteme. Es erwartet Dich ein erfolgreiches Unternehmen mit flachen Hierarchien. Als Circle-of-Marketing bieten wir Kunden ein umfassendes 360°-Dienstleistungspaket und somit auch Services, die über die gewohnten Dienstleistungen einer Marketing-Agentur hinausgehen.Unser idealer Kandidat ist ein Teamplayer mit ausgeprägten Fähigkeiten im Bereich zwischenmenschlicher Kommunikation und verfügt über praktische Erfahrung.Du hast ein starkes Interesse Artists zu betreuen und möchtest ab sofort spannende Aufgaben in dem Bereich Artist Management übernehmen?Du organisierst leidenschaftlich gerne und bist ein aufgeschlossener Mensch? Dann könntest du perfekt zu uns passen! Find more English Speaking Jobs in Germany on Arbeitnow",False,['Marketing and Communication'],[],arbeitnow,Git
Trainee Artist Manager / Influencer Manager (m/w/d),Lionflence,Berlin,https://www.arbeitnow.com/jobs/companies/lionflence/trainee-artist-manager-influencer-manager-berlin-487155,26-05-24,"Was wir Dir bieten: Eine spannende Herausforderung, in der du dich weiterentwickeln kannst, rundum den Bereich Artistmanagement Medien/Social Media, Influencer Marketing und den dazugehörigen Technologien (Software Systeme) Perfekt abgestimmte selbst entwickelte Softwaresysteme für dich als Artistmanager/in und für deine Artists Eine verantwortungsvolle Position in einem engagierten Team Eigenverantwortliches Arbeiten Freiraum zum aktiven Gestalten durch flache Hierarchien und flexible Strukturen Ein vielseitiges, anspruchsvolles und spannendes Aufgabengebiet mit renommierten Kunden So sieht Work-Life-Balance aus: 30 Tage Urlaub Konstruktives Feedback wird gerne gesehen Unsere Firmenkultur hat offene Türen & Ohren, coole Kolleg*innen und Spaß bei der Arbeit Ein hochmotiviertes, leistungsfähiges Team, welches gemeinsam arbeitet - aber auch gerne gemeinsame Erfolge feiert. Mitgestalten statt nur mitschwimmen - aktive Mitarbeit an fachlichen und kulturellen Themen die auch über den Tellerand hinausgehen Eine spannende Herausforderung, in der du dich weiterentwickeln kannst, rundum den Bereich Medien/Social Media, Influencer Marketing und den dazugehörigen Technologien (Software Systeme) Firmenhandy Firmenlaptop Aufgaben Welche Aufgaben hättest Du? Du unterstützt bei der Absprache unserer internen Talente Du unterstützt bei der Suche nach neuen Kooperationspartnern Du lernst im Verlauf der Zusammenarbeit, wie Anfragen und Angebote gestellt werden Du lernst alles über Preisverhandlungen und Preise im Markt, darüber hinaus erhältst du erste Möglichkeiten dein Verhandlungsgeschick unter Beweis zustellen ( in Absprache) sowie erste bei Preisverhandlungen mit Anbietern und Dienstleistern (Kooperationspartnern) Du lernst alles über Vertragsgestaltungen in dieser Branche und ihre stolperfallen und beginnst erste Verträge zu kontrollieren. Du unterstützt die Artistmanager zu Konzepte wie auch Content-Formate für Talents und hilfst dabei diese zu realisieren Du fungierst als Schnittstelle zwischen den Talents und unseren Partnern, planst ihren Einsatz und sorgst für ihr Wohlbefinden Du identifizierst und akquirierst mögliche neue Kooperationspartnern und zukünftige Formate und Sendungen im ersten Jahr wirst du eine zuarbeitende Rolle einnehmen und je nach Entwicklung wirst du langsam herangebracht. Qualifikation Das bringst Du mit: mind. Praktkum, Werkstudium und/oder Ausbildung im Bereich Influencer Marketing, Online Marketing z.B. in einer Digital, Social Media oder PR-Agentur Interesse und Gespür für neueste Digital- & Konsumententrends Sicherer Umgang mit allen gängigen Social Media Netzwerken und Online-Communities Idealerweise bereits Erfahrung in der Umsetzung und/oder der Konzeption von Social Media und Influencer Marketing Kampagnen Hohe Kreativität und Motivation Fließende Deutschkenntnisse und Englischkenntnisse in Wort und Schrift Über uns: Die Lionflence ist ein junges Unternehmen, welches sich auf Online Marketing, sowie Management spezialisiert hat. Aktuell ist der Hauptsitz in Mülheim an der Ruhr und Berlin gehört seit August 2022 dazu. Zudem unterstützen wir Unternehmen im Bereich Markenaufbau und entwickeln eigene Softwaresysteme. Es erwartet Dich ein erfolgreiches Unternehmen mit flachen Hierarchien. Als Circle-of-Marketing bieten wir Kunden ein umfassendes 360°-Dienstleistungspaket und somit auch Services, die über die gewohnten Dienstleistungen einer Marketing-Agentur hinausgehen.Unser idealer Kandidat ist ein Teamplayer mit ausgeprägten Fähigkeiten im Bereich zwischenmenschlicher Kommunikation und verfügt über praktische Erfahrung.Du hast ein starkes Interesse Artists zu betreuen und möchtest ab sofort spannende Aufgaben in dem Bereich Artist Management übernehmen?Du organisierst leidenschaftlich gerne und bist ein aufgeschlossener Mensch? Dann könntest du perfekt zu uns passen! Find more English Speaking Jobs in Germany on Arbeitnow",False,"['Training', 'Development']",['hilfstätigkeit / student'],arbeitnow,Git
Trainee Artist Manager / Influencer Manager (m/w/d),Lionflence,Mülheim,https://www.arbeitnow.com/jobs/companies/lionflence/trainee-artist-manager-influencer-manager-mulheim-12949,26-05-24,"Was wir Dir bieten: Eine spannende Herausforderung, in der du dich weiterentwickeln kannst, rundum den Bereich Artistmanagement Medien/Social Media, Influencer Marketing und den dazugehörigen Technologien (Software Systeme) Perfekt abgestimmte selbst entwickelte Softwaresysteme für dich als Artistmanager/in und für deine Artists Eine verantwortungsvolle Position in einem engagierten Team Eigenverantwortliches Arbeiten Freiraum zum aktiven Gestalten durch flache Hierarchien und flexible Strukturen Ein vielseitiges, anspruchsvolles und spannendes Aufgabengebiet mit renommierten Kunden So sieht Work-Life-Balance aus: 30 Tage Urlaub Konstruktives Feedback wird gerne gesehen Unsere Firmenkultur hat offene Türen & Ohren, coole Kolleg*innen und Spaß bei der Arbeit Ein hochmotiviertes, leistungsfähiges Team, welches gemeinsam arbeitet - aber auch gerne gemeinsame Erfolge feiert. Mitgestalten statt nur mitschwimmen - aktive Mitarbeit an fachlichen und kulturellen Themen die auch über den Tellerand hinausgehen Eine spannende Herausforderung, in der du dich weiterentwickeln kannst, rundum den Bereich Medien/Social Media, Influencer Marketing und den dazugehörigen Technologien (Software Systeme) Firmenhandy Firmenlaptop Aufgaben Welche Aufgaben hättest Du? Du unterstützt bei der Absprache unserer internen Talente Du unterstützt bei der Suche nach neuen Kooperationspartnern Du lernst im Verlauf der Zusammenarbeit, wie Anfragen und Angebote gestellt werden Du lernst alles über Preisverhandlungen und Preise im Markt, darüber hinaus erhältst du erste Möglichkeiten dein Verhandlungsgeschick unter Beweis zustellen ( in Absprache) sowie erste bei Preisverhandlungen mit Anbietern und Dienstleistern (Kooperationspartnern) Du lernst alles über Vertragsgestaltungen in dieser Branche und ihre stolperfallen und beginnst erste Verträge zu kontrollieren. Du unterstützt die Artistmanager zu Konzepte wie auch Content-Formate für Talents und hilfst dabei diese zu realisieren Du fungierst als Schnittstelle zwischen den Talents und unseren Partnern, planst ihren Einsatz und sorgst für ihr Wohlbefinden Du identifizierst und akquirierst mögliche neue Kooperationspartnern und zukünftige Formate und Sendungen im ersten Jahr wirst du eine zuarbeitende Rolle einnehmen und je nach Entwicklung wirst du langsam herangebracht. Qualifikation Das bringst Du mit: mind. Praktkum, Werkstudium und/oder Ausbildung im Bereich Influencer Marketing, Online Marketing z.B. in einer Digital, Social Media oder PR-Agentur Interesse und Gespür für neueste Digital- & Konsumententrends Sicherer Umgang mit allen gängigen Social Media Netzwerken und Online-Communities Idealerweise bereits Erfahrung in der Umsetzung und/oder der Konzeption von Social Media und Influencer Marketing Kampagnen Hohe Kreativität und Motivation Fließende Deutschkenntnisse und Englischkenntnisse in Wort und Schrift Über uns: Die Lionflence ist ein junges Unternehmen, welches sich auf Online Marketing, sowie Management spezialisiert hat. Aktuell ist der Hauptsitz in Mülheim an der Ruhr und Berlin gehört seit August 2022 dazu. Zudem unterstützen wir Unternehmen im Bereich Markenaufbau und entwickeln eigene Softwaresysteme. Es erwartet Dich ein erfolgreiches Unternehmen mit flachen Hierarchien. Als Circle-of-Marketing bieten wir Kunden ein umfassendes 360°-Dienstleistungspaket und somit auch Services, die über die gewohnten Dienstleistungen einer Marketing-Agentur hinausgehen.Unser idealer Kandidat ist ein Teamplayer mit ausgeprägten Fähigkeiten im Bereich zwischenmenschlicher Kommunikation und verfügt über praktische Erfahrung.Du hast ein starkes Interesse Artists zu betreuen und möchtest ab sofort spannende Aufgaben in dem Bereich Artist Management übernehmen?Du organisierst leidenschaftlich gerne und bist ein aufgeschlossener Mensch? Dann könntest du perfekt zu uns passen! Find more English Speaking Jobs in Germany on Arbeitnow",False,"['Training', 'Development']",['hilfstätigkeit / student'],arbeitnow,Git
Artist Manager / Influencer Manager (m/w/d),Lionflence,Mülheim,https://www.arbeitnow.com/jobs/companies/lionflence/artist-manager-influencer-manager-mulheim-92497,26-05-24,"Was wir Dir bieten: Eine spannende Herausforderung, in der du dich weiterentwickeln kannst, rundum den Bereich Artistmanagement Medien/Social Media, Influencer Marketing und den dazugehörigen Technologien (Software Systeme) Perfekt abgestimmte selbst entwickelte Softwaresysteme für dich als Artistmanager/in und für deine Artists Eine verantwortungsvolle Position in einem engagierten Team Eigenverantwortliches Arbeiten Freiraum zum aktiven Gestalten durch flache Hierarchien und flexible Strukturen Ein vielseitiges, anspruchsvolles und spannendes Aufgabengebiet mit renommierten Kunden So sieht Work-Life-Balance aus: 30 Tage Urlaub Konstruktives Feedback wird gerne gesehen Unsere Firmenkultur hat offene Türen & Ohren, coole Kolleg*innen und Spaß bei der Arbeit Ein hochmotiviertes, leistungsfähiges Team, welches gemeinsam arbeitet - aber auch gerne gemeinsame Erfolge feiert. Mitgestalten statt nur mitschwimmen - aktive Mitarbeit an fachlichen und kulturellen Themen die auch über den Tellerand hinausgehen Eine spannende Herausforderung, in der du dich weiterentwickeln kannst, rundum den Bereich Medien/Social Media, Influencer Marketing und den dazugehörigen Technologien (Software Systeme) Firmenhandy Firmenlaptop Aufgaben Welche Aufgaben hättest Du? Du bist erster Ansprechpartner für unsere internen Talente Du unterstützt bei der Suche nach neuen Kooperationspartnern, erstellst neue Angebote und bearbeitest eingehende Anfragen Du zeigst dein Verhandlungsgeschick bei Verträgen sowie bei Preisverhandlungen mit Anbietern und Dienstleistern (Kooperationspartnern) Du entwickelst zusammen mit den Talents Konzepte wie auch Content-Formate und unterstützt sie bei der Realisierung Du fungierst als Schnittstelle zwischen den Talents und unseren Partnern, planst ihren Einsatz und sorgst für ihr Wohlbefinden Du identifizierst und akquirierst mögliche neue Talente für bestehende und zukünftige Formate und Sendungen Gemeinsam helfen wir ihnen, zukunftsorientiert zu arbeiten und schaffen neue Möglichkeiten über das Artist dasein hinaus Qualifikation Das bringst Du mit: mind. 1-3 Jahre Erfahrung im Bereich Influencer Marketing, Online Marketing z.B. in einer Digital, Social Media oder PR-Agentur Interesse und Gespür für neueste Digital- & Konsumententrends Sicherer Umgang mit allen gängigen Social Media Netzwerken und Online-Communities Idealerweise bereits Erfahrung in der Umsetzung und/oder der Konzeption von Social Media und Influencer Marketing Kampagnen Hohe Kreativität und Motivation Fließende Deutschkenntnisse und Englischkenntnisse in Wort und Schrift Über uns: Die Lionflence ist ein junges Unternehmen, welches sich auf Online Marketing, sowie Management spezialisiert hat. Aktuell ist der Hauptsitz in Mülheim an der Ruhr und Berlin gehört seit August 2022 dazu. Zudem unterstützen wir Unternehmen im Bereich Markenaufbau und entwickeln eigene Softwaresysteme. Es erwartet Dich ein erfolgreiches Unternehmen mit flachen Hierarchien. Als Circle-of-Marketing bieten wir Kunden ein umfassendes 360°-Dienstleistungspaket und somit auch Services, die über die gewohnten Dienstleistungen einer Marketing-Agentur hinausgehen.Unser idealer Kandidat ist ein Teamplayer mit ausgeprägten Fähigkeiten im Bereich zwischenmenschlicher Kommunikation und verfügt über praktische Erfahrung.Du hast ein starkes Interesse Artists zu betreuen und möchtest ab sofort spannende Aufgaben in dem Bereich Artist Management übernehmen?Du organisierst leidenschaftlich gerne und bist ein aufgeschlossener Mensch? Dann könntest du perfekt zu uns passen! Find more English Speaking Jobs in Germany on Arbeitnow",False,['Marketing and Communication'],[],arbeitnow,Git
WEG-Buchhalter (m/w/d),Jobbusters® GmbH,Munich,https://www.arbeitnow.com/jobs/companies/jobbusters-gmbh/weg-buchhalter-munich-364012,26-05-24,"Mit Ihrem scharfen Spürsinn für WEG-Buchhaltung und Ihrer freundlichen, bodenständigen Art sind Sie für Kolleginnen, Kollegen und Eigentümer ein vertrauensvoller Ansprechpartner – fast wie ein guter Hausgeist, der stets zur Stelle ist, wenn Klarheit in die Zahlenwelt gebracht werden muss. Unser Kunde – ein traditionsreiches, familiengeführtes Immobilienunternehmen mit über 45 Jahren Erfahrung im Raum München – sucht genau Sie, um die Buchhaltung seiner Eigentümergemeinschaften zu betreuen. Hier spukt man nicht ziellos durch Aktenordner: Stattdessen erwartet Sie eine strukturierte, moderne Arbeitswelt mit digitalem Flair und flachen Hierarchien, in der neue Ideen gerne willkommen geheißen werden. Sie können den Großteil Ihrer Arbeit bequem aus dem Homeoffice erledigen, aber vielleicht zieht es Sie hin und wieder auch ins neue Büro-Loft in München-Allach – ein inspirierender Ort im „The Malt“, wo Teamgeist und Kaffeeduft gleichermaßen durch die Gänge wehen. Unser Kunde betreut aktuell rund 7.500 Wohnungen in etwa 85 Anwesen – genug Raum also, um Ihre Fähigkeiten als Zahlenflüsterer voll zu entfalten. Bereit, Ihren Platz im Reich der Zahlengeister einzunehmen? Dann freuen wir uns auf Ihre Bewerbung! Aufgaben Sie betreuen nur wenige große Wohnanlagen und werden jederzeit durch Ihre Kollegen und die Geschäftsleitung unterstützt. Durch Ihren geschickten Umgang mit Zahlen erstellen Sie die Abrechnungen und Wirtschaftspläne mit Leichtigkeit und kümmern sich zuverlässig um Zahlungseingänge, den Einzug der Vorauszahlungen und die laufende Buchhaltung. Digitale, ausgefeilte Arbeitsabläufe unterstützen Ihre Arbeit effizient und zielgerichtet. Sie wickeln selbständig die Buchhaltung und den Zahlungsverkehr für die durch Sie betreuten Eigentümergemeinschaften ab. Ein ausgefeiltes, digitales Dokumentenmanagementsystem unterstützt Sie dabei. Sie erstellen eigenständig die Abrechnungen und Wirtschaftspläne. Sie bereiten die Belegprüfungen vor. Sie sind der Ansprechpartner für die WEG-Verwalter, Beiräte und Eigentümer der durch Sie betreuten Eigentümergemeinschaften in und um München in allen Buchhaltungsangelegenheiten Qualifikation Was wir suchen: Menschen, die über den Tellerrand hinausdenken. Persönlichkeiten mit klarem Blick für Risiken und Chancen. Und den Anspruch, in einem Umfeld zu arbeiten, das genauso ambitioniert ist wie sie selbst. Ihrer Erfahrung in der WEG-Buchhaltung, Ihr eigenständiges, verantwortungsvolles Handeln und strukturiertes Arbeiten Ihrer Liebe zu Zahlen und Ihre Genauigkeit, Ihre Teamplayer-Fähigkeiten und Ihre Bereitschaft Verantwortung zu übernehmen, Ihrer IT-Affinität Anforderungen an den Bewerber, Grundkenntnisse: Wohnungseigentumsrecht Erweiterte Kenntnisse: Immobilienverwaltung Benefits Das erwartet Sie – herausragende Benefits Diese Hausverwaltung setzt neue Maßstäbe, wenn es um Arbeitsbedingungen und Mitarbeiterzufriedenheit geht: Überdurchschnittliche Vergütung + regelmäßige Gehaltsanpassungen Flexible Arbeitszeiten & Homeoffice-Möglichkeiten (bis zu 3 Tage/Woche) 30+ Urlaubstage sowie zusätzliche freie Tage an besonderen Anlässen Modern ausgestatteter Arbeitsplatz mit digitalisierten Prozessen Individuelle Weiterbildungsförderung Attraktive Zusatzleistungen wie: Betriebliche Altersvorsorge Fahrtkostenzuschuss / Deutschlandticket Gesundheitsprogramme & Fitnesszuschüsse Top-Arbeitsklima in einem motivierten, kollegialen Team Flache Hierarchien & echte Mitgestaltungsmöglichkeiten Regelmäßige Teamevents & Firmenveranstaltungen Du willst Teil von etwas Großem werden – und dabei selbst wachsen? Dann bewirb dich jetzt exklusiv über die JOBBUSTERS® , deinem Partner für Karrieren im Immobiliensektor. Find Jobs in Germany on Arbeitnow",False,['Finance'],[],arbeitnow,Git
Buchhalter (m/w/d),Jobbusters® GmbH,Gröbenzell,https://www.arbeitnow.com/jobs/companies/jobbusters-gmbh/buchhalter-grobenzell-345943,26-05-24,"Wir bieten Ihnen die Chance, sich vielseitig einzubringen und Verantwortung zu übernehmen – in einem Unternehmen mit Herz, welches wir persönlich sehr gut kennen und die inhaberführte, freundliche Kultur wertschätzen. Unser Partner setzt sich leidenschaftlich für Menschen, Qualität und Leistung ein – fast so, als ob uns eine unsichtbare Kraft antreibt. Werden Sie Teil der Erfolgsgeschichte und tauchen Sie ein in die Welt der Innovation, die so geheimnisvoll und faszinierend ist wie die Welt der Geister! Unser Partner-Unternehmen ist einer der führenden Anbieter im Landschaftsgartenbau und engagiert sich deutschlandweit. Mehr als 60 Mitarbeiterinnen und Mitarbeiter tragen täglich dazu bei, höchste Produktqualität und Kundenzufriedenheit zu gewährleisten – fast so, als ob uns eine unsichtbare Energie verbindet. Aufgaben Das erwartet Dich bei uns Tauche ein in die Welt der Zahlen und werde zum Herzstück unserer Finanzwelt! Du übernimmst eigenverantwortlich die Hauptbuchhaltung eine spannende Herausforderung, bei der du deine Genauigkeit unter Beweis stellst. Nebenbei bist Du im Bereich Bank / Kasse / Forderungsmanagement aktiv und sorgst dafür, dass das Out-of-Home-Geschäft sowie die Schwestergesellschaften stets finanziell auf Kurs bleiben. Deine Unterstützung bei der Reisekostenabrechnung sowie bei Monats- und Jahresabschlüssen macht Dich zu einem unverzichtbaren Teammitglied. Außerdem bist Du bei allgemeinen Aufgaben (u.a. Anlagenbuchhaltung) sowie anderen klassischen Aufgaben im Buchhalterischen Bereidh mit an Bord – so bleibst Du immer am Puls der Firma Qualifikation Du hast eine abgeschlossene kaufmännische Ausbildung oder eine Ausbildung als Steuerfachangestellter (m/w/d) – idealerweise mit erster Berufserfahrung in der Buchhaltung. Dein Zahlenverständnis ist ausgeprägt, und Du arbeitest sorgfältig, eigenständig und zuverlässig. Auch in hektischen Zeiten behältst Du einen kühlen Kopf und lässt Dich nicht aus der Ruhe bringen. Deine sicheren Englischkenntnisse in Wort und Schrift runden Dein Profil ab und ermöglichen eine reibungslose Zusammenarbeit im internationalen Umfeld. Benefits 30 Tage Urlaub plus freie Tage am 24. & 31. Dezember – Zeit für Erholung und Familie Flexible Arbeitszeiten, die sich Deinem Leben anpassen Zugang zu Fitnessstudios, eine Betriebskantine, exklusive Corporate Benefits und Business-Bike-Leasing – für Dein Wohlbefinden und einen aktiven Lebensstil Unterstützung bei berufsbegleitenden Weiterbildungen und Studiengängen – für Deine persönliche Entwicklung Eine angenehme, kollegiale Atmosphäre in einem internationalen Umfeld, in dem Teamgeist großgeschrieben wird Und natürlich: So viel Produktverkostung, wie du genießen kannst – direkt am Arbeitsplatz und für Zuhause! Wir freuen uns darauf Ihnen die besonderen Vorteile unseres Top-Partners in einem persönlichen Telefonat zu erläutern, diskret und kompakt. Senden Sie uns dazu gerne Ihre Bewerbungsunterlagen, einer unserer professionellen Jobjäger setzt sich gerne mit Ihnen in Verbindung! Find more English Speaking Jobs in Germany on Arbeitnow",False,['Finance'],[],arbeitnow,
Finanzbuchhalter (m/w/d),Jobbusters® GmbH,Nuremberg,https://www.arbeitnow.com/jobs/companies/jobbusters-gmbh/finanzbuchhalter-nuremberg-37482,26-05-24,"Zahlenjäger/in & Geistervertreiber/in der Buchhaltung gesucht! 📍 Standort: Nürnberg 🕰️ Eintritt: so schnell wie dein Taschenrechner rechnet 📄 Beschäftigungsart: Vollzeit Du spürst es genau – da spukt noch etwas im Zahlenwerk. Ein offener Posten hier, ein Buchungsdifferenzchen dort. Du lässt dich nicht so leicht erschrecken? Dann lies weiter! Unser A Partner ist ein familiengeführtes Unternehmen in der Immobilienbranche, das sich auf die Beratung und Konzeption von Immobilienportfolios für Privatanleger spezialisiert hat. Mit einem Hintergrund der Professionalität, effizienten Prozessen und hochwertigen Investments setzt unser A-Partner seit seiner Gründung Maßstäbe in der Immobilienwelt. In München schlägt das Herz eines wahren Spezialisten für zielgerichtete Immobilieninvestment-Beratung – und genau dort suchen wir dich. Aufgaben Eigenständige Bearbeitung der Finanzbuchhaltung für verschiedene Gesellschaften Erstellung von Umsatzsteuervoranmeldungen und weiteren steuerlichen Meldungen Mitwirkung bei der Erstellung von Jahresabschlüssen Vorbereitung und Durchführung von Lohn- und Gehaltsabrechnungen Ansprechpartner/in für steuerliche Fragestellungen sowie Korrespondenz mit Finanzbehörden Allgemeine Verwaltungsaufgaben im Bereich Finanzbuchhaltung und Steuern Qualifikation Abgeschlossene kaufmännische Ausbildung – idealerweise als Buchhalter/in oder Steuerfachangestellte/r Mehrjährige Berufserfahrung in der Finanzbuchhaltung Fundierte Kenntnisse im Umgang mit DATEV und den rechtlichen Grundlagen der Buchhaltung Strukturierte und eigenständige Arbeitsweise, hohes Verantwortungsbewusstsein und analytisches Denkvermögen Teamfähigkeit und Kommunikationsstärke Benefits Modernes Hybrid Working (60/40): Genieße die perfekte Balance aus mobilem Arbeiten und persönlichem Austausch im Büro – flexibel und zeitgemäß. Individuell gestaltbare Arbeitszeiten: Dank eines flexiblen Gleitzeitmodells mit fairem Überstundenausgleich bleibt Raum für Work-Life-Balance und persönliche Bedürfnisse. Großzügige Urlaubsgestaltung: Mit 30 Urlaubstagen und der zusätzlichen Option, Urlaubstage hinzuzukaufen, steht deiner Erholung nichts im Weg. Komfortabel und nachhaltig unterwegs: Profitiere von einem attraktiven Zuschuss zum Deutschlandticket und komme umweltfreundlich und kostengünstig ans Ziel. Zukunft aktiv gestalten: Mit einer betrieblichen Altersvorsorge investierst du schon heute in deine finanzielle Sicherheit von morgen. Klingt nach Ihrer nächsten beruflichen Station? Dann freuen wir uns auf Ihre Bewerbung! Find Jobs in Germany on Arbeitnow",False,['Finance'],[],arbeitnow,
Finanzbuchhalter (m/w/d),Jobbusters® GmbH,Passau,https://www.arbeitnow.com/jobs/companies/jobbusters-gmbh/finanzbuchhalter-passau-440559,26-05-24,"Für unseren renommierten Auftraggeber, ein international tätiges Unternehmen suchen wir zum nächstmöglichen Zeitpunkt einen erfahrenen Finanzbuchhalter (m/w/d) in unbefristeter Festanstellung. In dieser Position haben Sie die Möglichkeit bei Eignung und Interesse, nach einer Einarbeitungsphase Verantwortung für die Betreuung eines eigenen Teams zu übernehmen. Bei entsprechender Weiterbildung besteht die Möglichkeit, sich zum Bilanzbuchhalter weiterzuentwickeln. Freuen Sie sich auf spannende und abwechslungsreiche Aufgaben, darunter auch Projektarbeiten, die Ihren Arbeitsalltag bereichern. Das Unternehmen bietet eine überdurchschnittliche Gehaltsstruktur sowie flexible Arbeitszeiten, um eine optimale Vereinbarkeit von Familie und Beruf zu gewährleisten. Werden Sie Teil dieses erfolgreichen Teams und gestalten Sie die Zukunft eines führenden Medienunternehmens mit! Aufgaben Mitwirken bei der Erstellung der Monats-, Quartals- und Jahresabschlüsse Intercompany-Verrechnung Prüfung und Verbuchen von sämtlichen Geschäftsvorfällen Kontierung und Verbuchung der Kreditorenbuchhaltung Kontierung und Verbuchung der Debitorenbuchhaltung Mitwirken bei der Anlagenbuchhaltung Bearbeitung und Mitwirken bei vielen Projektthemen Qualifikation Kaufmännische Ausbildung oder betriebswirtschaftliches Studium Gerne auch Ausbildung als Steuerfachangestellte(r) Gerne relevante Weiterbildungen wie z.B. IHK-Bilanzbuchhalter oder Steuerfachwirt Einschlägige Berufserfahrung im Rechnungswesen Gerne Erfahrung in den beschriebenen Aufgabenfeldern Selbstständige Arbeitsweise sowie Teamfähigkeit Benefits 30 Tage Urlaub plus freie Tage am 24. & 31. Dezember – Zeit für Erholung und Familie Flexible Arbeitszeiten, die sich Deinem Leben anpassen Zugang zu Fitnessstudios, eine Betriebskantine, exklusive Corporate Benefits und Business-Bike-Leasing – für Dein Wohlbefinden und einen aktiven Lebensstil Unterstützung bei berufsbegleitenden Weiterbildungen und Studiengängen – für Deine persönliche Entwicklung Eine angenehme, kollegiale Atmosphäre in einem internationalen Umfeld, in dem Teamgeist großgeschrieben wird Und natürlich: So viel Produktverkostung, wie du genießen kannst – direkt am Arbeitsplatz und für Zuhause! Wir freuen uns darauf Ihnen die besonderen Vorteile unseres Top-Partners in einem persönlichen Telefonat zu erläutern, diskret und kompakt. Senden Sie uns dazu gerne Ihre Bewerbungsunterlagen, einer unserer professionellen Jobjäger setzt sich gerne mit Ihnen in Verbindung! Find Jobs in Germany on Arbeitnow",False,['Finance'],[],arbeitnow,
Kundenberater (m/w/d) Bankkaufmann,Jobbusters® GmbH,Munich,https://www.arbeitnow.com/jobs/companies/jobbusters-gmbh/kundenberater-bankkaufmann-munich-448981,26-05-24,"Du suchst die Möglichkeit, dein Expertenwissen anzuwenden und einen Arbeitgeber, der deine Expertenlaufbahn in Form von fachlicher und persönlicher Weiterentwicklung erweitert? Die PRIME HR Agentur® stellt Ihnen gerne diesen weltoffenen und familienfreundlichen Arbeitgeber am Standort München vor, der Kundenberater (m/w/d) bei der Bank diese Möglichkeit bietet. Seit über 100 Jahren durch Verlässlichkeit sowohl bei gehobenen Privatkunden, als auch institutionellen Kunden etabliert, bietet diese Bank seinen Mitarbeitern an den Akademien wertvolle Unterstützung, in Form von vielfältigen Weiterbildungsmöglichkeiten. In eigens konzipierten Seminaren und Workshops sowie individuellen Coaching und Training, erhalten Sie die Möglichkeit, sich zum Spezialisten zu entwicklen. Gerne geben wir Ihnen Auskunft über Ihre Anfrage zur Zusammenarbeit. Aufgaben Sie bieten Ihren persönlich zugeordneten vermögenden Privatkunden Ihre Expertise hinsichtlich der Beratung in allen Fragen des Bankgeschäfts Perspektivberatung und Akquisition von Immobilienfinanzierungen incl. geschickter Überleitung an unser Immobilienzentrum Sie sind ein Macher: und erkennen Möglichkeiten, erarbeiten individuelle Lösungen, die den Kundenbedürfnissen am besten entsprechen Mitarbeit an Forschung und Entwicklung von Produkten und Dienstleistungen, die auf die Bedürfnisse der Kunden zugeschnitten sind Qualifikation Was wir suchen: Menschen, die über den Tellerrand hinausdenken. Persönlichkeiten mit klarem Blick für Risiken und Chancen. Und den Anspruch, in einem Umfeld zu arbeiten, das genauso ambitioniert ist wie sie selbst. Abgeschlossene Ausbildung zum Bankkaufmann, gern gesehen ist auch der Bankfachwirt (m/w/d) Sie verfügen über mehrjährige praktische Erfahrung in der Betreuung von Privatkunden, idealerweise im Banken- oder Fintechbereich Umfassende Kenntnisse über einzelne Produkte und Prozesse für Privatkundenkredite, gerne auch im Wertpapiergeschäft Benefits Was dich erwartet: Eine zentrale Rolle in einem systemrelevanten Institut Ein professionelles Umfeld mit höchsten Qualitätsansprüchen Die Möglichkeit, deine analytischen Fähigkeiten auf Premium-Niveau einzusetzen Die umfangreichsten Benefits der Branche: Starke Honorierung überdurchschnittlicher Vertriebsleistungen Ab & zu ein Homeoffice Tag gewünscht? Kein Problem - ist inklusive! und individuell frei wählbar 32 Tage bezahlter Urlaub + Sonderurlaub Werde Teil dieser modernen Bank, welche den Markt in vielen Hinsichten transformiert und ein Geschäftsfeld bietet, welches zukunftsweisend ist Unterstützung bei Umzug bei Bedarf Moderne Büroräume in einer der schönsten Plätze Münchens Diverse Benefits aus den Bereichen Verpflegung, Mobilität (z.B. Fahrrad-Leasing, Zuschuss zum Deutschlandticket), Versicherungen, Rabatte, Gesundheitsmanagement (z.B. Fitnessstudio), Urlaub und Freistellung Dann freuen wir uns auf deine Bewerbung! Sende uns gerne deine Unterlagen mit Angabe deiner Gehaltsvorstellung und des frühestmöglichen Eintrittstermins. Find Jobs in Germany on Arbeitnow",False,['Private Banking'],[],arbeitnow,API
Firmenkundenberater (m/w/d),Jobbusters® GmbH,Munich,https://www.arbeitnow.com/jobs/companies/jobbusters-gmbh/firmenkundenberater-munich-181505,26-05-24,"Wir suchen für unseren Kunden einen Firmenkundenberater (m/w/d) im Bereich Bankgeschäft in Festanstellung am Standort München. Attraktive Rahmenbedingungen und tarifliche konstante Lohnsteigerungen Vergütungspaket 100 % arbeitgeberfinanzierte betriebliche Altersvorsorge für eine sorgenfreie Zukunft Flexible Arbeitszeiten und Homeoffice-Optionen für eine ausgewogene Work-Life-Balance Langfristige Perspektive in einem wertschätzenden und inspirierenden Umfeld Weiterbildungsmöglichkeiten , um sich fachlich und persönlich weiterzuentwickeln Bei unserem top-Kunden handelt es sich um eine Service-Gesellschaft, die für national und international agierende Kunden, Institute und Bauträger, Dienstleistungen im Bereich digitalen Bankservices, mit Fokus auf Produktberatung umfassen. Für unseren Kunden tätig zu sein bedeutet ein vertrauensvolles Miteinander, Eigenverantwortung und Gestaltungsspielräume, vielfältige Entwicklungs- und Weiterbildungschancen sowie die zeitgemäße Flexibilität eines modernen, erfolgreichen und sich stetig weiter entwickelnden Arbeitgebers. Einer unserer professionellen Personalexperten setzt sich gerne diskret mit Ihnen in Verbindung für weitere Details. Aufgaben Ansprechpartner für Unternehmenskunden und Begleitung dieser Beratung auf Augenhöhe in allen gewerblichen und privaten Belangen Aktive Akquisition von Neukunden und Intensivierung der Kundenbeziehung durch engen und vertrauensvollen Kontakt Einbeziehung von Spezialisten bei entsprechendem Bedarf Erstellung von Finanzierungskonzepten unter dem Aspekt der unternehmerischen Geschäftsstrategie Erkennen und Beurteilen von unternehmerischen Kennzahlen und Vorhaben Qualifikation Ausbildung zum Bankkaufmann (m/w/d) Erfahrung im Firmenkundengeschäft wünschenswert Hohe Beratungs- und Vertriebskompetenz, sowie Verhandlungsgeschick Professionelles Auftreten und rhetorisches Geschick Analytische und wirtschaftliche Denkweise Benefits Flexible Arbeitszeiten mit Gleitzeitregelung Firmenkantine mit Bio-Verpflegung und Essenszuschuss sowie kostenfreie Getränke Zuschuss zu Kinderbetreuungskosten und Fahrtkosten Betriebliche Altersversorgung mit umfassendem Arbeitgeber-Zuschuss Ein großartiges Leitungskreis-Team Attraktive Rahmenbedingungen und tarifliche konstante Lohnsteigerungen Arbeit in einem internationalen Umfeld auf höchstem technischen Niveau Kostenfreie Parkplätze Gelegenheit, Englischkenntnisse in der Praxis anzuwenden und zu vertiefen Attraktive Vergütung Übernahme von ÖPNV-Kosten Teambuildingmassnahmen, wie Teamevents Dann freuen wir uns auf deine Bewerbung! Sende uns gerne deine Unterlagen mit Angabe deiner Gehaltsvorstellung und des frühestmöglichen Eintrittstermins. Find more English Speaking Jobs in Germany on Arbeitnow",False,['Private Banking'],[],arbeitnow,Git
"Tech Lead, Android Core Product - Berlin, Germany",Speechify,"Berlin, Berlin, Germany",https://www.arbeitnow.com/jobs/companies/speechify/tech-lead-android-core-product-berlin-germany-159713,26-05-24,"The mission of Speechify is to make sure that reading is never a barrier to learning. Over 50 million people use Speechify's text-to-speech products to turn whatever they're reading – PDFs, books, Google Docs, news articles, websites – into audio, so they can read faster, read more, and remember more. Speechify's text-to-speech reading products include its iOS app, Android App, Mac App, Chrome Extension, and Web App. Google recently named Speechify the Chrome Extension of the Year and Apple named Speechify its Design award winner for inclusivity for 2025. Today, nearly 200 people around the globe work on Speechify in a 100% distributed setting – Speechify has no office. These include frontend and backend engineers, AI research scientists, and others from Amazon, Microsoft, and Google, leading PhD programs like Stanford, high growth startups like Stripe, Vercel, Bolt, and many founders of their own companies. Overview With the growth of our Android app, being the most used text-to-speech app in the Play Store, we find the need for a Senior Android Engineer to help us support the new user base as well as work on new and exciting projects to push us forward. This is a key role and ideal for someone who thinks strategically, enjoys fast-paced environments, passionate about making product decisions, and has experience building great user experiences that delight users. We are a flat organization that allows anyone to become a leader by showing excellent technical skills and delivering results consistently and fast. Work ethic, solid communication skills, and obsession with winning are paramount. Our interview process involves several technical interviews and we aim to complete them within 1 week. What Yo u' ll Do Owning major features and working closely with our design team - take ownership of features inside the app and become responsible of delivering high quality features Shape the future of our Android team Own, maintain and improve reliability metrics for key features Participate in discussions across different teams - Product, Design, Engineering Review pull requests, and support other teammates Handle critical issues or cope with unexpected challenges Take ownership of feature releases and provide nightly builds for the QA team An Ideal Candidate Should Have 5+ years of software engineering experience Familiarity with Android components Experience building or contributing to at least one Android app Product design intuition and user empathy Drive to push the boundaries of Android UI/UX Understanding of the importance of tests and how to approach writing tests Self-drive to improve the app and codebase above and beyond what's outlined in the spec Rock solid experience with Kotlin, Kotlin Coroutines, Kotlin Flow, Dagger 2, MVVM, Clean Architecture, Background Services, Music Player Service, Android Animations, Jetpack Navigation, JUnit tests Excellent communication skills User oriented problem solving approach Driven with continuous feedback from leaders Bonus: Experience building, maintaining, or otherwise contributing to open source projects in Android Experience with iOS, Web or NodeJS Technologies we use: Kotlin Kotlin Coroutines Kotlin Flow Jetpack Navigation Dagger 2 Room Custom Views, Canvas & Paint Jetpack Compose JUnit What We offer : A fast-growing environment where you can help shape the company and product. An entrepreneurial-minded team that supports risk, intuition, and hustle. A hands-off management approach so you can focus and do your best work. An opportunity to make a big impact in a transformative industry. Competitive salaries, a friendly and laid-back atmosphere, and a commitment to building a great asynchronous culture. Opportunity to work on a life-changing product that millions of people use. Build products that directly impact and support people with learning differences like dyslexia, ADD, low vision, concussions, autism, and more. Work in one of the fastest growing sectors of tech, the intersection of artificial intelligence and audio. Think you're a good fit for this job? Tell us more about yourself and why you're interested in the role when you apply. And don't forget to include links to your portfolio and LinkedIn. Not looking but know someone who would make a great fit? Refer them! Speechify is committed to a diverse and inclusive workplace. Speechify does not discriminate on the basis of race, national origin, gender, gender identity, sexual orientation, protected veteran status, disability, age, or other legally protected status. Find more English Speaking Jobs in Germany on Arbeitnow",False,[],[],arbeitnow,Excel
"Software Engineer, Data Infrastructure & Acquisition - Berlin, Germany",Speechify,"Berlin, Berlin, Germany",https://www.arbeitnow.com/jobs/companies/speechify/software-engineer-data-infrastructure-acquisition-berlin-germany-87677,26-05-24,"The mission of Speechify is to make sure that reading is never a barrier to learning. Over 50 million people use Speechify's text-to-speech products to turn whatever they're reading – PDFs, books, Google Docs, news articles, websites – into audio, so they can read faster, read more, and remember more. Speechify's text-to-speech reading products include its iOS app, Android App, Mac App, Chrome Extension, and Web App. Google recently named Speechify the Chrome Extension of the Year and Apple named Speechify its 2025 Design Award winner for Inclusivity. Today, nearly 200 people around the globe work on Speechify in a 100% distributed setting – Speechify has no office. These include frontend and backend engineers, AI research scientists, and others from Amazon, Microsoft, and Google, leading PhD programs like Stanford, high growth startups like Stripe, Vercel, Bolt, and many founders of their own companies. Overview We're looking to hire for our Data side of our AI team at Speechify. This role is responsible for all aspects of data collection to support our model training operations. We are able to build high-quality datasets at petabyte-scale and low cost through a tight integration of infrastructure, engineering, and research work. We are looking for a skilled Software Engineer to join us. What You'll Do Be scrappy to find new sources of audio data and bring it into our ingestion pipeline Operate and extend the cloud infrastructure for our ingestion pipeline, currently running on GCP and managed with Terraform. Collaborate closely with our Scientists to shift the cost/throughput/quality frontier, delivering richer data at bigger scale and lower cost to power our next-generation models. Collaborate with others on the AI Team and Speechify Leadership to craft the AI Team's dataset roadmap to power Speechify's next-generation consumer and enterprise products. An Ideal Candidate Should Have BS/MS/PhD in Computer Science or a related field. 5+ years of industry experience in software development. Proficiency with bash/Python scripting in Linux environments Proficiency in Docker and Infrastructure-as-Code concepts and professional experience with at least one major Cloud Provider (we use GCP) Experience with web crawlers, large-scale data processing workflows is a plus Ability to handle multiple tasks and adapt to changing priorities. Strong communication skills, both written and verbal. What we offer A fast-growing environment where you can help shape the company and product. An entrepreneurial-minded team that supports risk, intuition, and hustle. A hands-off management approach so you can focus and do your best work. An opportunity to make a big impact in a transformative industry. Competitive salaries, a friendly and laid-back atmosphere, and a commitment to building a great asynchronous culture. Opportunity to work on a life-changing product that millions of people use. Build products that directly impact and support people with learning differences like dyslexia, ADD, low vision, concussions, autism, and more. Work in one of the fastest-growing sectors of tech, the intersection of artificial intelligence and audio. Think you're a good fit for this job? Tell us more about yourself and why you're interested in the role when you apply. And don't forget to include links to your portfolio and LinkedIn. Not looking but know someone who would make a great fit? Refer them! Speechify is committed to a diverse and inclusive workplace. Speechify does not discriminate on the basis of race, national origin, gender, gender identity, sexual orientation, protected veteran status, disability, age, or other legally protected status. Find more English Speaking Jobs in Germany on Arbeitnow",False,[],[],arbeitnow,Python | Docker
"Tech Lead, Web Core Product & Chrome Extension - Berlin, Germany",Speechify,"Berlin, Berlin, Germany",https://www.arbeitnow.com/jobs/companies/speechify/tech-lead-web-core-product-chrome-extension-berlin-germany-183472,26-05-24,"The mission of Speechify is to make sure that reading is never a barrier to learning. Over 50 million people use Speechify's text-to-speech products to turn whatever they're reading – PDFs, books, Google Docs, news articles, websites – into audio, so they can read faster, read more, and remember more. Speechify's text-to-speech reading products include its iOS app, Android App, Mac App, Chrome Extension, and Web App. Google recently named Speechify the Chrome Extension of the Year and Apple named Speechify its App of the Day. Today, nearly 200 people around the globe work on Speechify in a 100% distributed setting – Speechify has no office. These include frontend and backend engineers, AI research scientists, and others from Amazon, Microsoft, and Google, leading PhD programs like Stanford, high growth startups like Stripe, Vercel, Bolt, and many founders of their own companies. This is a key role and ideal for someone who thinks strategically, enjoys fast-paced environments, passionate about making product decisions, and has experience building great user experiences that delight users. We are a flat organization that allows anyone to become a leader by showing excellent technical skills and delivering results consistently and fast. Work ethic, solid communication skills, and obsession with winning are paramount. Our interview process involves several technical interviews and we aim to complete them within 1 week. What Yo u' ll Do Actively ship production code to the web products Work closely with your dedicated product team Participate in product discussions to shape the product roadmap Have the opportunity to work on new and exciting features that will impact millions of lives An Ideal Candidate Should Have Experience. You've built and ship products that have scaled to thousands or millions of users Customer obsession. You are passionate about the field and have the desire to build high quality product that serves customer needs Speed. You work quickly to generate ideas and know how to decide which things can ship now and what things need time Focus. We're a high-growth startup with a busy, remote team. You know how and when to engage or be heads down Collaboration. You know how to inspire, play, and negotiate with opinionated designers, marketers, and PMs Tech Stack: Vanilla JS, ReactJS, Redux, Firebase, Typescript What We Offer A fast-growing environment where you can help shape the culture An entrepreneurial crew that supports risk, intuition, and hustle A hands-off approach so you can focus and do your best work The opportunity to make an impact in a transformative industry A competitive salary, a collegiate atmosphere, and a commitment to building a great asynchronous culture Think you're a good fit for this job? Tell us more about yourself and why you're interested in the role when you apply. And don't forget to include links to your portfolio and LinkedIn. Not looking but know someone who would make a great fit? Refer them! Speechify is committed to a diverse and inclusive workplace. Speechify does not discriminate on the basis of race, national origin, gender, gender identity, sexual orientation, protected veteran status, disability, age, or other legally protected status. Find more English Speaking Jobs in Germany on Arbeitnow",False,[],[],arbeitnow,Excel | React
"Senior Software Engineer, Core Experiences - Berlin, Germany",Speechify,"Berlin, Berlin, Germany",https://www.arbeitnow.com/jobs/companies/speechify/senior-software-engineer-core-experiences-berlin-germany-492361,26-05-24,"Mission Speechify is the easiest way to listen to the world's information. Articles on the web, documents in the cloud, books on your phone. We absorb it all and let you listen to it at your desk, on the go, at your own speed, and with tools that make learning easier, deeper, and faster. What streaming services have done for audio entertainment, we're doing for audio information. And whatever we're doing seems to be working. We're #1 in our category, and experiencing exponential growth. Overview We're looking for a Senior Software Engineer to join our Core Experiences Team. This team builds and maintains the foundational services and SDKs that power Speechify's product experience across platforms. It's a critical role for someone who enjoys working at the intersection of product and infrastructure, thinks strategically, and is passionate about designing clear, reliable APIs and simple systems that directly enhance the user experience. What Yo u' ll Do Collaborate with Speechify's Product Teams to scope projects, find ways to reduce scope to get faster feedback from customers, navigate the integration/UX tradeoffs relevant to different product teams, and deliver solutions via our cross-platform SDK Optimize existing functionality to ship things like faster loading and more intelligent parsing by designing more efficient abstractions and improving our algorithms Ship cloud functions, lightweight backend services, and jobs using Kotlin An Ideal Candidate Should Have Systems thinking. You know that optimizing a system requires end-to-end design, and you believe simplicity is valuable. Speed. You work quickly to generate ideas and options and know how to decide which things can ship now and what things need time Focus. We're a high-growth startup with a busy, remote team. You know how and when to engage or be heads down Collaboration. You know how to inspire, play, and negotiate with opinionated designers, marketers, and PMs Preferred Tech Stack: Kotlin Multiplatform (Java experience is OK but role is Kotlin Multiplatform) Prior experience with GCP is a plus What We Offer A fast-growing environment where you can help shape the company and product. An entrepreneurial-minded team that supports risk, intuition, and hustle. A hands-off management approach so you can focus and do your best work. An opportunity to make a big impact in a transformative industry. Competitive salaries, a friendly and laid-back atmosphere, and a commitment to building a great asynchronous culture. Opportunity to work on a life-changing product that millions of people use. Build products that directly impact and support people with learning differences like dyslexia, ADD, low vision, concussions, autism, and more. Work in one of the fastest growing sectors of tech, the intersection of artificial intelligence and audio. Think you're a good fit for this job? Tell us more about yourself and why you're interested in the role when you apply. And don't forget to include links to your portfolio and LinkedIn. Not looking but know someone who would make a great fit? Refer them! Speechify is committed to a diverse and inclusive workplace. Speechify does not discriminate on the basis of race, national origin, gender, gender identity, sexual orientation, protected veteran status, disability, age, or other legally protected status. Find Jobs in Germany on Arbeitnow",False,[],[],arbeitnow,API
"Software Engineer, Data Infrastructure & Acquisition - Hamburg, Germany",Speechify,"Hamburg, Hamburg, Germany",https://www.arbeitnow.com/jobs/companies/speechify/software-engineer-data-infrastructure-acquisition-hamburg-germany-179400,26-05-24,"The mission of Speechify is to make sure that reading is never a barrier to learning. Over 50 million people use Speechify's text-to-speech products to turn whatever they're reading – PDFs, books, Google Docs, news articles, websites – into audio, so they can read faster, read more, and remember more. Speechify's text-to-speech reading products include its iOS app, Android App, Mac App, Chrome Extension, and Web App. Google recently named Speechify the Chrome Extension of the Year and Apple named Speechify its 2025 Design Award winner for Inclusivity. Today, nearly 200 people around the globe work on Speechify in a 100% distributed setting – Speechify has no office. These include frontend and backend engineers, AI research scientists, and others from Amazon, Microsoft, and Google, leading PhD programs like Stanford, high growth startups like Stripe, Vercel, Bolt, and many founders of their own companies. Overview We're looking to hire for our Data side of our AI team at Speechify. This role is responsible for all aspects of data collection to support our model training operations. We are able to build high-quality datasets at petabyte-scale and low cost through a tight integration of infrastructure, engineering, and research work. We are looking for a skilled Software Engineer to join us. What You'll Do Be scrappy to find new sources of audio data and bring it into our ingestion pipeline Operate and extend the cloud infrastructure for our ingestion pipeline, currently running on GCP and managed with Terraform. Collaborate closely with our Scientists to shift the cost/throughput/quality frontier, delivering richer data at bigger scale and lower cost to power our next-generation models. Collaborate with others on the AI Team and Speechify Leadership to craft the AI Team's dataset roadmap to power Speechify's next-generation consumer and enterprise products. An Ideal Candidate Should Have BS/MS/PhD in Computer Science or a related field. 5+ years of industry experience in software development. Proficiency with bash/Python scripting in Linux environments Proficiency in Docker and Infrastructure-as-Code concepts and professional experience with at least one major Cloud Provider (we use GCP) Experience with web crawlers, large-scale data processing workflows is a plus Ability to handle multiple tasks and adapt to changing priorities. Strong communication skills, both written and verbal. What we offer A fast-growing environment where you can help shape the company and product. An entrepreneurial-minded team that supports risk, intuition, and hustle. A hands-off management approach so you can focus and do your best work. An opportunity to make a big impact in a transformative industry. Competitive salaries, a friendly and laid-back atmosphere, and a commitment to building a great asynchronous culture. Opportunity to work on a life-changing product that millions of people use. Build products that directly impact and support people with learning differences like dyslexia, ADD, low vision, concussions, autism, and more. Work in one of the fastest-growing sectors of tech, the intersection of artificial intelligence and audio. Think you're a good fit for this job? Tell us more about yourself and why you're interested in the role when you apply. And don't forget to include links to your portfolio and LinkedIn. Not looking but know someone who would make a great fit? Refer them! Speechify is committed to a diverse and inclusive workplace. Speechify does not discriminate on the basis of race, national origin, gender, gender identity, sexual orientation, protected veteran status, disability, age, or other legally protected status. Find Jobs in Germany on Arbeitnow",False,[],[],arbeitnow,Python | Docker
"Software Engineer, Platform - Düsseldorf, Germany",Speechify,"Dusseldorf, North Rhine-Westphalia, Germany",https://www.arbeitnow.com/jobs/companies/speechify/software-engineer-platform-dusseldorf-germany-dusseldorf-89841,26-05-24,"The mission of Speechify is to make sure that reading is never a barrier to learning. Over 50 million people use Speechify's text-to-speech products to turn whatever they're reading – PDFs, books, Google Docs, news articles, websites – into audio, so they can read faster, read more, and remember more. Speechify's text-to-speech reading products include its iOS app, Android App, Mac App, Chrome Extension, and Web App. Google recently named Speechify the Chrome Extension of the Year and Apple named Speechify its 2025 Design Award winner for Inclusivity. Today, nearly 200 people around the globe work on Speechify in a 100% distributed setting – Speechify has no office. These include frontend and backend engineers, AI research scientists, and others from Amazon, Microsoft, and Google, leading PhD programs like Stanford, high growth startups like Stripe, Vercel, Bolt, and many founders of their own companies. Overview The responsibilities of our Platform team include building and maintaining all backend services, including, but not limited to, payments, analytics, subscriptions, new products, text to speech, and external APIs. This is a key role and ideal for someone who thinks strategically, enjoys fast-paced environments, is passionate about making product decisions, and has experience building great user experiences that delight users. We are a flat organization that allows anyone to become a leader by showing excellent technical skills and delivering results consistently and fast. Work ethic, solid communication skills, and obsession with winning are paramount. Our interview process involves several technical interviews and we aim to complete them within 1 week. What Yo u' ll Do Design, develop, and maintain robust APIs including public TTS API, internal APIs like Payment, Subscription, Auth and Consumption Tracking, ensuring they meet business and scalability requirements Oversee the full backend API landscape, enhancing and optimizing for performance and maintainability Collaborate on B2B solutions, focusing on customization and integration needs for enterprise clients Work closely with cross-functional teams to align backend architecture with overall product strategy and user experience An Ideal Candidate Should Have Proven experience in backend development: TS/Node (required) Direct experience with GCP and knowledge of AWS, Azure, or other cloud providers Efficiency in ideation and implementation, prioritizing tasks based on urgency and impact Preferred: Experience with Docker and containerized deployments Preferred: Proficiency in deploying high availability applications on Kubernetes What We Offer A dynamic environment where your contributions shape the company and its products A team that values innovation, intuition, and drive Autonomy, fostering focus and creativity The opportunity to have a significant impact in a revolutionary industry Competitive compensation, a welcoming atmosphere, and a commitment to an exceptional asynchronous work culture The privilege of working on a product that changes lives, particularly for those with learning differences like dyslexia, ADD, and more An active role at the intersection of artificial intelligence and audio – a rapidly evolving tech domain Think you're a good fit for this job? Tell us more about yourself and why you're interested in the role when you apply. And don't forget to include links to your portfolio and LinkedIn. Not looking but know someone who would make a great fit? Refer them! Speechify is committed to a diverse and inclusive workplace. Speechify does not discriminate on the basis of race, national origin, gender, gender identity, sexual orientation, protected veteran status, disability, age, or other legally protected status. Find more English Speaking Jobs in Germany on Arbeitnow",False,[],[],arbeitnow,Excel | API | Docker | AWS | Azure
"Software Engineer, Platform - Hamburg, Germany",Speechify,"Hamburg, Hamburg, Germany",https://www.arbeitnow.com/jobs/companies/speechify/software-engineer-platform-hamburg-germany-311161,26-05-24,"The mission of Speechify is to make sure that reading is never a barrier to learning. Over 50 million people use Speechify's text-to-speech products to turn whatever they're reading – PDFs, books, Google Docs, news articles, websites – into audio, so they can read faster, read more, and remember more. Speechify's text-to-speech reading products include its iOS app, Android App, Mac App, Chrome Extension, and Web App. Google recently named Speechify the Chrome Extension of the Year and Apple named Speechify its 2025 Design Award winner for Inclusivity. Today, nearly 200 people around the globe work on Speechify in a 100% distributed setting – Speechify has no office. These include frontend and backend engineers, AI research scientists, and others from Amazon, Microsoft, and Google, leading PhD programs like Stanford, high growth startups like Stripe, Vercel, Bolt, and many founders of their own companies. Overview The responsibilities of our Platform team include building and maintaining all backend services, including, but not limited to, payments, analytics, subscriptions, new products, text to speech, and external APIs. This is a key role and ideal for someone who thinks strategically, enjoys fast-paced environments, is passionate about making product decisions, and has experience building great user experiences that delight users. We are a flat organization that allows anyone to become a leader by showing excellent technical skills and delivering results consistently and fast. Work ethic, solid communication skills, and obsession with winning are paramount. Our interview process involves several technical interviews and we aim to complete them within 1 week. What Yo u' ll Do Design, develop, and maintain robust APIs including public TTS API, internal APIs like Payment, Subscription, Auth and Consumption Tracking, ensuring they meet business and scalability requirements Oversee the full backend API landscape, enhancing and optimizing for performance and maintainability Collaborate on B2B solutions, focusing on customization and integration needs for enterprise clients Work closely with cross-functional teams to align backend architecture with overall product strategy and user experience An Ideal Candidate Should Have Proven experience in backend development: TS/Node (required) Direct experience with GCP and knowledge of AWS, Azure, or other cloud providers Efficiency in ideation and implementation, prioritizing tasks based on urgency and impact Preferred: Experience with Docker and containerized deployments Preferred: Proficiency in deploying high availability applications on Kubernetes What We Offer A dynamic environment where your contributions shape the company and its products A team that values innovation, intuition, and drive Autonomy, fostering focus and creativity The opportunity to have a significant impact in a revolutionary industry Competitive compensation, a welcoming atmosphere, and a commitment to an exceptional asynchronous work culture The privilege of working on a product that changes lives, particularly for those with learning differences like dyslexia, ADD, and more An active role at the intersection of artificial intelligence and audio – a rapidly evolving tech domain Think you're a good fit for this job? Tell us more about yourself and why you're interested in the role when you apply. And don't forget to include links to your portfolio and LinkedIn. Not looking but know someone who would make a great fit? Refer them! Speechify is committed to a diverse and inclusive workplace. Speechify does not discriminate on the basis of race, national origin, gender, gender identity, sexual orientation, protected veteran status, disability, age, or other legally protected status. Find Jobs in Germany on Arbeitnow",False,[],[],arbeitnow,Excel | API | Docker | AWS | Azure
"Software Engineer, Platform - Munich, Germany",Speechify,"Munich, Bavaria, Germany",https://www.arbeitnow.com/jobs/companies/speechify/software-engineer-platform-munich-germany-277870,26-05-24,"The mission of Speechify is to make sure that reading is never a barrier to learning. Over 50 million people use Speechify's text-to-speech products to turn whatever they're reading – PDFs, books, Google Docs, news articles, websites – into audio, so they can read faster, read more, and remember more. Speechify's text-to-speech reading products include its iOS app, Android App, Mac App, Chrome Extension, and Web App. Google recently named Speechify the Chrome Extension of the Year and Apple named Speechify its 2025 Design Award winner for Inclusivity. Today, nearly 200 people around the globe work on Speechify in a 100% distributed setting – Speechify has no office. These include frontend and backend engineers, AI research scientists, and others from Amazon, Microsoft, and Google, leading PhD programs like Stanford, high growth startups like Stripe, Vercel, Bolt, and many founders of their own companies. Overview The responsibilities of our Platform team include building and maintaining all backend services, including, but not limited to, payments, analytics, subscriptions, new products, text to speech, and external APIs. This is a key role and ideal for someone who thinks strategically, enjoys fast-paced environments, is passionate about making product decisions, and has experience building great user experiences that delight users. We are a flat organization that allows anyone to become a leader by showing excellent technical skills and delivering results consistently and fast. Work ethic, solid communication skills, and obsession with winning are paramount. Our interview process involves several technical interviews and we aim to complete them within 1 week. What Yo u' ll Do Design, develop, and maintain robust APIs including public TTS API, internal APIs like Payment, Subscription, Auth and Consumption Tracking, ensuring they meet business and scalability requirements Oversee the full backend API landscape, enhancing and optimizing for performance and maintainability Collaborate on B2B solutions, focusing on customization and integration needs for enterprise clients Work closely with cross-functional teams to align backend architecture with overall product strategy and user experience An Ideal Candidate Should Have Proven experience in backend development: TS/Node (required) Direct experience with GCP and knowledge of AWS, Azure, or other cloud providers Efficiency in ideation and implementation, prioritizing tasks based on urgency and impact Preferred: Experience with Docker and containerized deployments Preferred: Proficiency in deploying high availability applications on Kubernetes What We Offer A dynamic environment where your contributions shape the company and its products A team that values innovation, intuition, and drive Autonomy, fostering focus and creativity The opportunity to have a significant impact in a revolutionary industry Competitive compensation, a welcoming atmosphere, and a commitment to an exceptional asynchronous work culture The privilege of working on a product that changes lives, particularly for those with learning differences like dyslexia, ADD, and more An active role at the intersection of artificial intelligence and audio – a rapidly evolving tech domain Think you're a good fit for this job? Tell us more about yourself and why you're interested in the role when you apply. And don't forget to include links to your portfolio and LinkedIn. Not looking but know someone who would make a great fit? Refer them! Speechify is committed to a diverse and inclusive workplace. Speechify does not discriminate on the basis of race, national origin, gender, gender identity, sexual orientation, protected veteran status, disability, age, or other legally protected status. Find Jobs in Germany on Arbeitnow",False,[],[],arbeitnow,Excel | API | Docker | AWS | Azure
Software Engineer (.NET) (f/m/d),Apaleo,"Munich, Bavaria, Germany",https://www.arbeitnow.com/jobs/companies/apaleo/software-engineer-net-munich-204315,26-05-24,"Join Apaleo and Shape the Future of Hospitality Tech! Apaleo is the world's most open, API-first property management platform powering the next generation of hospitality operations. Its modular, AI-powered infrastructure enables hoteliers to customise their tech stack, automate routine work, and deliver seamless, personalised guest experiences, powered by best-in-class apps and autonomous AI agents that adapt to every stay. If you're driven by the idea of making hospitality smarter, more human, and powered by cutting-edge technology, we'd love to hear from you. We're currently seeking a Mid-Level Backend Engineer to join our team. What You'll Be Up To Implement and extend backend services for the platform using .NET 10 running in Docker containers. Develop features end-to-end, from database design through business logic to RESTful APIs . Contribute to keeping the platform scalable, reliable, and maintainable. Monitor services in production and help identify and resolve issues early. Write clean, well-tested code, including unit and e2e tests . Collaborate closely with product managers, frontend engineers, and other backend engineers in an agile team where your ideas and feedback are valued. What You'll Bring to the Team A degree in Computer Science, a related technical field, or equivalent practical experience. Experience independently delivering backend features end-to-end in a cloud environment . Solid experience with .NET / C# backend development. Hands-on experience with at least some of the following: Relational databases such as PostgreSQL Docker and basic containerized workflows Cloud platforms such as AWS Message-based or asynchronous systems (e.g., Kafka or equivalents) Familiarity with microservices concepts and API-driven architectures. Comfortable breaking down tasks, estimating work, and delivering features incrementally. Experience or interest in using AI-assisted coding tools (e.g., GitHub Copilot, ChatGPT, Cursor, CodeWhisperer) to improve productivity and code quality. Fluent in English. Nice to have First experience with Kafka or other streaming / messaging systems. Exposure to Kubernetes / ECS or cloud-native DevOps practices. Basic experience with performance tuning or database optimizations. Experience working in SaaS or API-first products. What We Offer Culture & Growth A Diverse & International Team: Work alongside passionate professionals from over 20 nationalities, bringing unique cultural perspectives, backgrounds, and experiences to shape the future of hospitality tech. Growth & Development: As we scale, so do your opportunities. You'll benefit from 360° feedback reviews, a dedicated learning budget, and plenty of chances to take on more responsibility. Our evolving career framework ensures you have increasing opportunities to learn new skills, advance your career, and make an impact. Autonomy & Ownership: Great ideas can come from anywhere. We empower you to take responsibility, make decisions, and contribute directly in an environment built on trust, transparency, and collaboration. Shape the Future of Hospitality Tech: Be part of a fast-growing scale-up transforming the hospitality industry. From day one, your work drives real impact and you'll have the freedom to bring your ideas to life. Competitive & Fair Compensation: We believe great work deserves great pay. Our salaries are competitive and guided by benchmarking data to ensure fairness across all roles and teams. We make sure to recognize and reward performance and contribution. Perks & Lifestyle Flexible & Remote Work Options: We focus on results, not clocking hours. You can work from home, the office or in a hybrid setup, with flexibility to adapt your schedule as long as it makes sense for your role, your team and our business. Free Public Transport: Travel across Germany with ease using our fully covered Deutschland Ticket . Team Connection: Strong connections fuel collaboration. We celebrate and connect through regular team dinners, company meetups, Oktoberfest celebrations, Christmas parties, and other offsite events. Paid Time Off: Enjoy 30 days of vacation to fully disconnect, recharge, and return inspired. Health & Wellbeing: Prioritize your health with access to hundreds of gyms, fitness studios, and wellness options through our EGYM Wellpass membership. How you make an impact joining Apaleo: Joining Apaleo means more than just taking on a role, it's about driving real change in the hospitality industry. Your contributions will directly shape our innovative platform, influence company-wide decisions, and help redefine the future of hospitality tech. At Apaleo, your voice matters, your ideas are valued, and your impact is tangible. Be part of a team where your work fuels progress, collaboration sparks innovation, and growth is a shared journey. We are proud to be an Equal Opportunity and Affirmative Action Employer, committed to fostering a diverse, inclusive, and welcoming workplace. We encourage applications from individuals of all backgrounds, regardless of race, color, religion, gender identity or expression, sex, national origin, age, marital status, disability, or any other characteristic protected by applicable law. Your personal data will be handled with the utmost care and in compliance with GDPR and relevant data protection regulations. We celebrate differences and believe that diversity enriches our team and drives innovation. Find Jobs in Germany on Arbeitnow",False,[],[],arbeitnow,SQL | API | Docker | AWS | Git | GitHub
Strategic Account Executive,Ping Identity,"Munich, Bavaria, Germany",https://www.arbeitnow.com/jobs/companies/ping-identity/strategic-account-executive-munich-326220,26-05-24,"About Ping Identity: At Ping Identity, we believe in making digital experiences both secure and seamless for all users, without compromise. We call this digital freedom. And it's not just something we provide our customers. It's something that inspires our company. People don't come here to join a culture that's built on digital freedom. They come to cultivate it. Our intelligent, cloud identity platform lets people shop, work, bank, and interact wherever and however they want. Without friction. Without fear. While protecting digital identities is at the core of our technology, protecting individual identities is at the core of our culture. We champion every identity. One of our core values, Respect Individuality, reminds us to celebrate differences so you are empowered to bring your authentic self to work. We're headquartered in Denver, Colorado and we have offices and employees around the globe. We serve the largest, most demanding enterprises worldwide, including more than half of the Fortune 100. At Ping Identity, we're changing the way people and businesses think about cybersecurity, digital experiences, and identity and access management. Reporting to the Regional Sales Director, the Account Executive is a field-based position with ownership of an assigned territory focused on net new logo and upsell opportunities. You will have the ability to utilize a robust internal resource model, a broad tech stack, and a global partner directory to position yourself for future success. You will: Create, implement, measure and review a personal plan that drives achievement of performance goals aligned to the regional sales strategy. Position and articulate our value proposition to customers to maximize the business opportunity. Negotiate and close complex contracts with the support of global partners. Report on sales activity and forecasts to senior management. Prepare indicative subscription pricing and customer offers, including reviewing broader opportunities such as training and professional services modules, and guides request for proposal responses. Provides customer feedback to marketing, customer success, product management, and engineering teams. Work collaboratively to acquire additional/specialist resources as needed. You have: Significant quota-carrying experience selling enterprise software solutions. Results-oriented with multiple years meeting or exceeding quota within the market. Sustainable record of signing strategic and large projects, with long and complex sales cycles. Established sector-related C level contacts. Successful record dealing with strategic buyers. Deep knowledge of the relevant key drivers of change in the industry. Background working with regional/national/global partners and system integrators. Prior training and experience in value selling and account planning methodologies. Base Hiring Range: Life at Ping: We believe in and facilitate a flexible, collaborative work environment. We're growing quickly, but remain true to the innovative, can-do startup values that got us here. Most importantly, we keep hiring talented, smart, fun, and genuinely nice people because that's who we want to succeed with every day. Here are just a few of the things that make Ping special: A company culture that empowers you to do your best work. Employee Resource Groups that create a sense of belonging for everyone. Regular company and team bonding events. Competitive benefits and perks. Global volunteering and community initiatives Our Benefits: Generous PTO & Holiday Schedule Parental Leave Progressive Healthcare Options Retirement Programs Opportunity for Education Reimbursement Commuter Offset (Specific locations) Ping is the collective sum of all our individual experiences, backgrounds and influences and we pride ourselves in growing and learning together. We are committed to building an inclusive and diverse environment where everyone's individuality is respected and everyone has an Identity. In recruiting for new colleagues, we welcome the unique contributions you can bring and encourage you to be your best self. We are an Equal Opportunity/Affirmative Action employer.  All qualified applicants will receive consideration for employment without regard to race, color, religion, sex including sexual orientation and gender identity, national origin, disability, protected Veteran Status, or any other characteristic protected by applicable federal, state, or local law. Find Jobs in Germany on Arbeitnow",False,[],[],arbeitnow,Git
"Engineering Manager, Computing Platform",Wolt - English,"Berlin, Berlin, Germany",https://www.arbeitnow.com/jobs/companies/wolt-english/engineering-manager-computing-platform-berlin-322446,26-05-24,"About Wolt At Wolt, we create technology that brings joy, simplicity and earnings to the neighborhoods of the world. In 2014 we started with delivery of restaurant food. Now we're building the delivery of (almost) everything and you'll find us in over 500 cities in 30 countries around the world. In 2022 we joined forces with DoorDash and together we keep on dreaming big and expanding across the globe. Working at Wolt isn't always easy, but it's definitely exciting. Here you'll learn more, build more, and ship more than in most other companies. You'll be challenged a lot, but also have a lot of fun on the way. So, if you're a self-starter with drive and entrepreneurial spirit, this could be the ride of your life. At Wolt, we create technology that brings joy, simplicity and earnings to neighborhoods of the world. As part of that mission, we're building a unified platform designed to power DoorDash, Wolt, Deliveroo, and future growth. The primary computing platform is mainly a code execution framework that lets product teams compose business logic into graphs, while the team owns the platform, runtime, and operational experience. We're now looking for an Engineering Manager to lead our EU-based Computing Platform team. This is a team of 5 engineers working on a foundational, mission-critical platform that helps simplify backend development at scale by reducing operational overhead for product teams and making cross-team changes easier to build, test, and ship. In this role, you'll grow the team, shape the roadmap, and work closely with product and platform partners and your manager to make the Computing Platform more reliable, performant, and easier to adopt across Wolt, Deliveroo and DoorDash. What you'll be doing This is a high-impact engineering leadership role at the intersection of platform strategy, people leadership, and execution. You'll lead a team building core capabilities that help engineers ship business logic without owning the burden of running services themselves. Success in this role means growing a strong team, driving clear priorities, and delivering platform improvements that make the Computing Platform easier for developers, and safer, faster and more reliable to use at massive scale. Day-to-day in this role you'll: Lead, mentor, and grow a team of engineers, creating clarity, strong execution habits, and a healthy engineering culture. Own the team's roadmap and delivery across core Computing Platform areas such as performance, scaling and resource management, I/O optimization, integrations, developer experience, and observability. Partner closely with adjacent platform teams and product domains onboarding to Pedregal, turning their needs into platform capabilities and smoother adoption paths. Guide architectural and technical decisions for the Computing Platform runtime and developer-facing APIs, balancing reliability, simplicity, and long-term extensibility. Raise the bar on operational excellence by improving reliability, debuggability, and support for teams running production workloads on the Computing Platform. Help shape the next phase of the Computing Platform as a foundational platform for Wolt, Deliveroo and DoorDash through hiring, prioritization, cross-team alignment, and org leadership. Our humble expectations At least 3+ years of solid experience as an engineering manager, including directly leading and growing a team of engineers in a fast-paced environment. At least 5+ years of strong background in backend, infrastructure, product or platform engineering, and good technical judgment when working with distributed systems, runtime platforms, or developer-facing infrastructure. You know how to turn an ambitious platform vision into clear priorities, pragmatic execution plans, and reliable delivery. You're comfortable working across team boundaries and partnering with engineering, product, and platform stakeholders to drive alignment and adoption. You care deeply about people leadership and know how to coach engineers, create clarity, and build a healthy, high-performing team culture. You hold a high bar for engineering quality, reliability, and operational excellence, and can help teams navigate production challenges with calm and structure. What we offer This is an opportunity to lead a foundational platform team working on one of the most important backend building blocks. The Computing Platform is designed to simplify how engineers build and operate business logic at scale, and the work of this team has the potential to influence developer productivity, system reliability, and platform adoption across Wolt, Deliveroo and DoorDash. You'll get to work on meaningful engineering leadership challenges with broad scope: growing a strong team, shaping technical direction, and helping define how mission-critical compute platform evolves as more domains onboard. If you're excited by high-leverage platform work, complex distributed systems problems, and the chance to have impact far beyond a single product surface, this is a rare role to step into. Our Commitment to Diversity and Inclusion We're committed to growing and empowering a more inclusive community within our company, industry, and cities. That's why we hire and cultivate diverse teams of people from all backgrounds, experiences, and perspectives. We believe that true innovation happens when everyone has room at the table and the tools, resources, and opportunity to excel. Find Jobs in Germany on Arbeitnow",False,[],[],arbeitnow,Excel | API
"Senior Android Engineer, Consumer Mobile Platform",Wolt - English,"Berlin, Berlin, Germany",https://www.arbeitnow.com/jobs/companies/wolt-english/senior-android-engineer-consumer-mobile-platform-berlin-256874,26-05-24,"About Wolt At Wolt, we create technology that brings joy, simplicity and earnings to the neighborhoods of the world. In 2014 we started with delivery of restaurant food. Now we're building the delivery of (almost) everything and you'll find us in over 500 cities in 30 countries around the world. In 2022 we joined forces with DoorDash and together we keep on dreaming big and expanding across the globe. Working at Wolt isn't always easy, but it's definitely exciting. Here you'll learn more, build more, and ship more than in most other companies. You'll be challenged a lot, but also have a lot of fun on the way. So, if you're a self-starter with drive and entrepreneurial spirit, this could be the ride of your life. Wolt is looking for a senior Android Engineer to expand our Consumer Mobile Platform team. The team is part of the Consumer Product group and is responsible for enabling the delivery of the consumer mobile apps that millions of people in over 20 countries around the world see when ordering food and other products. We're an AI-first team by design: we treat agentic coding as a core engineering discipline. We expect our engineers to use AI-assisted workflows and developer agents to amplify productivity, improve developer experience, and rethink how features are specified, reviewed, and shipped. Our client platform teams have a clear mission: ""Enable delivery and ownership of Wolt-grade Consumer Client Applications through engineering excellence and domain expertise."" As part of the team, and to fulfil our mission, you will focus on many different areas: Building the foundation of our top-rated consumer facing applications Enablement of our product teams, architecture and platform robustness, observability, developer experience, and more. Driving technical initiatives to foster our engineering excellence Aligning with multiple stakeholders Supporting product development teams by providing a robust platform that makes it simple and fast for our features to reach our millions of customers If you like to communicate with many stakeholders, think about the long-term health and quality of customer experience and technical solutions, find ways to make other engineers' lives easier and raise the bar of engineering excellence, this is the team for you! Integrate AI-assisted developer workflows Build developer tooling & guardrails for AI assistants Measure & maintain reliability of AI-assisted outputs through observability, testing and review policies. This role can be based in one of our tech hubs in Helsinki, Stockholm, Tallinn or Berlin. Feel free to check the Wolt Tech Blog for more read about our culture & technology here . Our humble expectations* Experienced in Android development Understanding of the Android ecosystem and platform A strong interest in building a maintainable and extensible Android platform End-to-end system design understanding Experienced with CI/CD pipelines Strong communication skills Stakeholder management Familiar with driving initiatives across an engineering organisation Optional, but great to have: Experience/strong interest in mobile observability Have an eye for great user experience Enthusiasm for AI-first development; you use AI tools and can judge when they help. Experience integrating AI tools into engineering workflows (e.g., code assistants, CI automations). Our Commitment to Diversity and Inclusion We're committed to growing and empowering a more inclusive community within our company, industry, and cities. That's why we hire and cultivate diverse teams of people from all backgrounds, experiences, and perspectives. We believe that true innovation happens when everyone has room at the table and the tools, resources, and opportunity to excel. Find more English Speaking Jobs in Germany on Arbeitnow",False,[],[],arbeitnow,Excel | Automation
Data Processing Specialist,Wolt - English,"Berlin, Berlin, Germany",https://www.arbeitnow.com/jobs/companies/wolt-english/data-processing-specialist-berlin-312469,26-05-24,"About Wolt At Wolt, we create technology that brings joy, simplicity and earnings to the neighborhoods of the world. In 2014 we started with delivery of restaurant food. Now we're building the delivery of (almost) everything and you'll find us in over 500 cities in 30 countries around the world. In 2022 we joined forces with DoorDash and together we keep on dreaming big and expanding across the globe. Working at Wolt isn't always easy, but it's definitely exciting. Here you'll learn more, build more, and ship more than in most other companies. You'll be challenged a lot, but also have a lot of fun on the way. So, if you're a self-starter with drive and entrepreneurial spirit, this could be the ride of your life. Are you detail-oriented and have great communication skills? Do you love working in a cross-functional environment and solving problems? Our Merchant Services team lies at the heart of Wolt, ensuring that we set all of our merchants up for success by providing a seamless onboarding, menu, and catalog experience. As Wolt continues to grow in both scale and scope of offerings, the strength of our content management and catalog operations must expand with it. We are looking for a Data Processing Specialist for Content & Catalog team who will oversee the day-to-day operations of menu and catalog. You'll ensure that product information on Wolt's platform adheres to the highest standards of accuracy and compliance. As a catalog expert, you'll work cross-functionally to improve processes, drive compliance, and ensure our menus and catalogs are engaging and up to date. You're excited about this opportunity because you will… Ensure that Wolt retail (grocery) offering is compliant and accurate Manage the content and quality of Wolt Germany's product catalog for both Retail and Restaurants. Offerings are drafted quickly, in bulk and correctly Oversee rapid and accurate creation and update of the retail assortments. Create, refine and improve bulk data processing automations. Collaborate with cross-functional teams, including Product, Compliance & Onboarding. What we offer Cool office in the heart of Berlin Independent work in a dynamic, international team A fast-growing tech company with many career opportunities Attractive salary package Discounts on Wolt orders Various soft drinks, coffee, and fruits in the office Weekly (virtual) all-hands meetings and regular team events Flexible working hours policy + 30 days of paid vacation Qualifications Fluent in German (spoken and written) and English - any other language is a plus. You have a positive attitude and an entrepreneurial spirit You are a problem-solver - you enjoy diagnosing issues and developing creative approaches to solve challenges You have a strong technical skill - you have some Python / Javascript experience, good command of excel, and experience working with large data sets. SQL and Browser automations are a plus. Graduates welcome! You are customer-centric - you have a customer-first mentality, are effective at working with people with varying degrees of technical ability You are comfortable working in fast-paced and demanding environments Understanding of LMIV (Lebensmittel-Informationsverordnung) : Strong knowledge of food labeling laws and regulations in Germany, particularly for grocery items. Our Commitment to Diversity and Inclusion We're committed to growing and empowering a more inclusive community within our company, industry, and cities. That's why we hire and cultivate diverse teams of people from all backgrounds, experiences, and perspectives. We believe that true innovation happens when everyone has room at the table and the tools, resources, and opportunity to excel. Find Jobs in Germany on Arbeitnow",False,[],[],arbeitnow,Python | SQL | Excel | JavaScript | API | Automation | AWS
"Steuerberater (m/w/d) in Landau, auf Wunsch mit Partnerperspektive, gesucht - mindestens 90.000€",Taxtalente.de,Landau,https://www.arbeitnow.com/jobs/companies/taxtalentede/steuerberater-in-landau-auf-wunsch-mit-partnerperspektive-gesucht-mindestens-90000eur-251437,26-05-24,"TaxTalente ist die Nr. 1 Job-Matching Plattform für Jobsuchende in der Steuerberatung. Sie suchen eine positive berufliche Veränderung? Sie möchten den nächsten Schritt in Ihrer Karriere gehen und streben möglicherweise sogar eine Partnerschaft in einer zukunftsorientierten Kanzlei an? Sie möchten endlich wieder in einem positiven Arbeitsumfeld arbeiten, in dem Sie finanziell und persönlich wertgeschätzt werden? Sie suchen nach Tätigkeiten, die Sie auch wirklich weiterbringen? Sofern Sie sich in mindestens einem der genannten Punkte wiederfinden, sollten Sie sich bei uns melden. Wir haben die attraktivsten Arbeitgeber der Steuerberatungsbranche in unserem Netzwerk und bringen zusammen, was zusammengehört. Grenzenlose Entwicklungschancen mit Partnermöglichkeiten, vielschichtige Tätigkeitsbereiche, Gehälter wie in der Industrie und vieles mehr – melden Sie sich bei uns und wir unterstützen Sie auf Ihrem weiteren Karriereweg! Derzeit suchen wir nach einem Steuerberater (m/w/d) für eine unserer Partner-Kanzleien in Landau Bei Rückfragen kannst du dich gerne jederzeit (auch nach deinem Feierabend) direkt telefonisch an Herrn Becker-Koch über folgende Nummer wenden: 015901431130 Aufgaben Wir bringen zusammen, was zusammengehört. Dabei spielt das passende Tätigkeitsprofil natürlich eine entscheidende Rolle. Bei unserer Partnerkanzlei können Sie sich Ihren Aufgabenbereich auf Basis Ihrer persönlichen Stärken und Schwächen selbst zusammenstellen. Erstellung und Review von Jahresabschlüssen Erstellung von Steuererklärungen für Personen- und Kapitalgesellschaften Steuerliche Sonderberatungsprojekte auf Basis individueller Qualifikationen B. in den Bereichen der Erbschaftsteuer oder des Umwandlungssteuerrechts Begleitung von Betriebsprüfungen Teamleitung und Personalverantwortung (optional) Weitere individuell wählbare Tätigkeitsbereiche , die Ihnen Freude bringen Qualifikation Am Ende sollte es für beide Seiten passen. Deshalb wäre es gut, wenn Sie sich in den folgenden Punkten wiederfinden. Kommunikative Art und Freude am Austausch mit Mandanten Sorgfältige , effiziente und gewissenhafte Arbeitsweise Offen für eine digitale Arbeitsweise Führungsverständnis und Verantwortungsbewusstsein gegenüber Mitarbeitern (optional) Ein erfolgreich abgeschlossenes Steuerberaterexamen Leidenschaft für steuerliche Themen Benefits Sie haben genug von 0815 Benefits, von denen Sie nicht wirklich profitieren? Dann sollten Sie einen Blick auf die nachfolgenden Benefits werfen. Außerordentliche Vergütung von 90.000 € bis 130.000 € / Jahr, auf Wunsch auch Partnerperspektive Flexible Gestaltung der Arbeitszeiten sowie die Option auf Home-Office Nettolohnoptimierung mit monatlichen 50,00€ Sachbezugsgutscheinen Umfangreiche Unterstützung bei Weiterbildungsmaßnahmen wie z.B. Fachberater Qualifikationen Modernste Ausstattung mit digitalen Prozessen Starker Teamzusammenhalt und regelmäßige Teamevents Schnell, unkompliziert und effizient Ihren Traumjob finden – ein Versprechen an Sie, dass wir aufgrund unseres selektiven, breit gefächerten und deutschlandweiten Kanzleinetzwerks halten werden. lhre Vorteile mit uns auf einen Blick: Sie führen keine unsinnigen Bewerbungsgespräche mehr, bei denen Sie während des Bewerbungsprozesses merken, dass es (bspw. wegen des Gehalts) sowieso nicht passt - wir klären vor Ihrem Bewerbungsgespräch all Ihre mit uns besprochenen Kriterien mit der Kanzlei ab. Wir führen Ihre Gehaltsverhandlungen und kennen die Gehaltsstrukturen der Branche dabei bestens. 100% Anonymität – solange Sie uns nicht das „Go“ geben und einem Kennenlernen mit Ihrem neuen potentiellen Arbeitgeber zustimmen, erfährt niemand von Ihrem Namen oder Ihren bisherigen Arbeitgebern – Ihre Ihnen wichtigen Kriterien können wir auch zunächst anonym mit unseren Partnerkanzleien klären. Attraktive Kanzleien – die Kanzleien in unserem breit gefächerten Kanzleinetzwerk sind selektiv ausgewählt und heben sich klar von “normalen” Kanzleien ab (z.B. hinsichtlich der Vergütung, Benefits, Hierarchien, Digitalisierungsgrad, Ausstattung etc.). Und das Beste: Unser gesamter Service ist unverbindlich und völlig kostenfrei für Sie. Find more English Speaking Jobs in Germany on Arbeitnow",False,"['Directors', 'Chief Executives']",[],arbeitnow,API | Git
"Steuerberater (m/w/d) in Thaleischweiler-Fröschen, auf Wunsch mit Partnerperspektive, gesucht - mindestens 90.000€",Taxtalente.de,Thaleischweiler-Fröschen,https://www.arbeitnow.com/jobs/companies/taxtalentede/steuerberater-in-thaleischweiler-froschen-auf-wunsch-mit-partnerperspektive-gesucht-mindestens-90000eur-411210,26-05-24,"TaxTalente ist die Nr. 1 Job-Matching Plattform für Jobsuchende in der Steuerberatung. Sie suchen eine positive berufliche Veränderung? Sie möchten den nächsten Schritt in Ihrer Karriere gehen und streben möglicherweise sogar eine Partnerschaft in einer zukunftsorientierten Kanzlei an? Sie möchten endlich wieder in einem positiven Arbeitsumfeld arbeiten, in dem Sie finanziell und persönlich wertgeschätzt werden? Sie suchen nach Tätigkeiten, die Sie auch wirklich weiterbringen? Sofern Sie sich in mindestens einem der genannten Punkte wiederfinden, sollten Sie sich bei uns melden. Wir haben die attraktivsten Arbeitgeber der Steuerberatungsbranche in unserem Netzwerk und bringen zusammen, was zusammengehört. Grenzenlose Entwicklungschancen mit Partnermöglichkeiten, vielschichtige Tätigkeitsbereiche, Gehälter wie in der Industrie und vieles mehr – melden Sie sich bei uns und wir unterstützen Sie auf Ihrem weiteren Karriereweg! Derzeit suchen wir nach einem Steuerberater (m/w/d) für eine unserer Partner-Kanzleien in Thaleischweiler-Fröschen Bei Rückfragen kannst du dich gerne jederzeit (auch nach deinem Feierabend) direkt telefonisch an Herrn Becker-Koch über folgende Nummer wenden: 015901431130 Aufgaben Wir bringen zusammen, was zusammengehört. Dabei spielt das passende Tätigkeitsprofil natürlich eine entscheidende Rolle. Bei unserer Partnerkanzlei können Sie sich Ihren Aufgabenbereich auf Basis Ihrer persönlichen Stärken und Schwächen selbst zusammenstellen. Erstellung und Review von Jahresabschlüssen Erstellung von Steuererklärungen für Personen- und Kapitalgesellschaften Steuerliche Sonderberatungsprojekte auf Basis individueller Qualifikationen B. in den Bereichen der Erbschaftsteuer oder des Umwandlungssteuerrechts Begleitung von Betriebsprüfungen Teamleitung und Personalverantwortung (optional) Weitere individuell wählbare Tätigkeitsbereiche , die Ihnen Freude bringen Qualifikation Am Ende sollte es für beide Seiten passen. Deshalb wäre es gut, wenn Sie sich in den folgenden Punkten wiederfinden. Kommunikative Art und Freude am Austausch mit Mandanten Sorgfältige , effiziente und gewissenhafte Arbeitsweise Offen für eine digitale Arbeitsweise Führungsverständnis und Verantwortungsbewusstsein gegenüber Mitarbeitern (optional) Ein erfolgreich abgeschlossenes Steuerberaterexamen Leidenschaft für steuerliche Themen Benefits Sie haben genug von 0815 Benefits, von denen Sie nicht wirklich profitieren? Dann sollten Sie einen Blick auf die nachfolgenden Benefits werfen. Außerordentliche Vergütung von 90.000 € bis 130.000 € / Jahr, auf Wunsch auch Partnerperspektive Flexible Gestaltung der Arbeitszeiten sowie die Option auf Home-Office Nettolohnoptimierung mit monatlichen 50,00€ Sachbezugsgutscheinen Umfangreiche Unterstützung bei Weiterbildungsmaßnahmen wie z.B. Fachberater Qualifikationen Modernste Ausstattung mit digitalen Prozessen Starker Teamzusammenhalt und regelmäßige Teamevents Schnell, unkompliziert und effizient Ihren Traumjob finden – ein Versprechen an Sie, dass wir aufgrund unseres selektiven, breit gefächerten und deutschlandweiten Kanzleinetzwerks halten werden. lhre Vorteile mit uns auf einen Blick: Sie führen keine unsinnigen Bewerbungsgespräche mehr, bei denen Sie während des Bewerbungsprozesses merken, dass es (bspw. wegen des Gehalts) sowieso nicht passt - wir klären vor Ihrem Bewerbungsgespräch all Ihre mit uns besprochenen Kriterien mit der Kanzlei ab. Wir führen Ihre Gehaltsverhandlungen und kennen die Gehaltsstrukturen der Branche dabei bestens. 100% Anonymität – solange Sie uns nicht das „Go“ geben und einem Kennenlernen mit Ihrem neuen potentiellen Arbeitgeber zustimmen, erfährt niemand von Ihrem Namen oder Ihren bisherigen Arbeitgebern – Ihre Ihnen wichtigen Kriterien können wir auch zunächst anonym mit unseren Partnerkanzleien klären. Attraktive Kanzleien – die Kanzleien in unserem breit gefächerten Kanzleinetzwerk sind selektiv ausgewählt und heben sich klar von “normalen” Kanzleien ab (z.B. hinsichtlich der Vergütung, Benefits, Hierarchien, Digitalisierungsgrad, Ausstattung etc.). Und das Beste: Unser gesamter Service ist unverbindlich und völlig kostenfrei für Sie. Find more English Speaking Jobs in Germany on Arbeitnow",False,"['Directors', 'Chief Executives']",[],arbeitnow,API | Git
"Steuerberater (m/w/d) in Bochum, auf Wunsch mit Partnerperspektive, gesucht - mindestens 90.000€",Taxtalente.de,Bochum,https://www.arbeitnow.com/jobs/companies/taxtalentede/steuerberater-in-bochum-auf-wunsch-mit-partnerperspektive-gesucht-mindestens-90000eur-59982,26-05-24,"TaxTalente ist die Nr. 1 Job-Matching Plattform für Jobsuchende in der Steuerberatung. Sie suchen eine positive berufliche Veränderung? Sie möchten den nächsten Schritt in Ihrer Karriere gehen und streben möglicherweise sogar eine Partnerschaft in einer zukunftsorientierten Kanzlei an? Sie möchten endlich wieder in einem positiven Arbeitsumfeld arbeiten, in dem Sie finanziell und persönlich wertgeschätzt werden? Sie suchen nach Tätigkeiten, die Sie auch wirklich weiterbringen? Sofern Sie sich in mindestens einem der genannten Punkte wiederfinden, sollten Sie sich bei uns melden. Wir haben die attraktivsten Arbeitgeber der Steuerberatungsbranche in unserem Netzwerk und bringen zusammen, was zusammengehört. Grenzenlose Entwicklungschancen mit Partnermöglichkeiten, vielschichtige Tätigkeitsbereiche, Gehälter wie in der Industrie und vieles mehr – melden Sie sich bei uns und wir unterstützen Sie auf Ihrem weiteren Karriereweg! Derzeit suchen wir nach einem Steuerberater (m/w/d) für eine unserer Partner-Kanzleien in Bochum Bei Rückfragen kannst du dich gerne jederzeit (auch nach deinem Feierabend) direkt telefonisch an Herrn Becker-Koch über folgende Nummer wenden: 015901431130 Aufgaben Wir bringen zusammen, was zusammengehört. Dabei spielt das passende Tätigkeitsprofil natürlich eine entscheidende Rolle. Bei unserer Partnerkanzlei können Sie sich Ihren Aufgabenbereich auf Basis Ihrer persönlichen Stärken und Schwächen selbst zusammenstellen. Erstellung und Review von Jahresabschlüssen Erstellung von Steuererklärungen für Personen- und Kapitalgesellschaften Steuerliche Sonderberatungsprojekte auf Basis individueller Qualifikationen B. in den Bereichen der Erbschaftsteuer oder des Umwandlungssteuerrechts Begleitung von Betriebsprüfungen Teamleitung und Personalverantwortung (optional) Weitere individuell wählbare Tätigkeitsbereiche , die Ihnen Freude bringen Qualifikation Am Ende sollte es für beide Seiten passen. Deshalb wäre es gut, wenn Sie sich in den folgenden Punkten wiederfinden. Kommunikative Art und Freude am Austausch mit Mandanten Sorgfältige , effiziente und gewissenhafte Arbeitsweise Offen für eine digitale Arbeitsweise Führungsverständnis und Verantwortungsbewusstsein gegenüber Mitarbeitern (optional) Ein erfolgreich abgeschlossenes Steuerberaterexamen Leidenschaft für steuerliche Themen Benefits Sie haben genug von 0815 Benefits, von denen Sie nicht wirklich profitieren? Dann sollten Sie einen Blick auf die nachfolgenden Benefits werfen. Außerordentliche Vergütung von 90.000 € bis 130.000 € / Jahr, auf Wunsch auch Partnerperspektive Flexible Gestaltung der Arbeitszeiten sowie die Option auf Home-Office Nettolohnoptimierung mit monatlichen 50,00€ Sachbezugsgutscheinen Umfangreiche Unterstützung bei Weiterbildungsmaßnahmen wie z.B. Fachberater Qualifikationen Modernste Ausstattung mit digitalen Prozessen Starker Teamzusammenhalt und regelmäßige Teamevents Schnell, unkompliziert und effizient Ihren Traumjob finden – ein Versprechen an Sie, dass wir aufgrund unseres selektiven, breit gefächerten und deutschlandweiten Kanzleinetzwerks halten werden. lhre Vorteile mit uns auf einen Blick: Sie führen keine unsinnigen Bewerbungsgespräche mehr, bei denen Sie während des Bewerbungsprozesses merken, dass es (bspw. wegen des Gehalts) sowieso nicht passt - wir klären vor Ihrem Bewerbungsgespräch all Ihre mit uns besprochenen Kriterien mit der Kanzlei ab. Wir führen Ihre Gehaltsverhandlungen und kennen die Gehaltsstrukturen der Branche dabei bestens. 100% Anonymität – solange Sie uns nicht das „Go“ geben und einem Kennenlernen mit Ihrem neuen potentiellen Arbeitgeber zustimmen, erfährt niemand von Ihrem Namen oder Ihren bisherigen Arbeitgebern – Ihre Ihnen wichtigen Kriterien können wir auch zunächst anonym mit unseren Partnerkanzleien klären. Attraktive Kanzleien – die Kanzleien in unserem breit gefächerten Kanzleinetzwerk sind selektiv ausgewählt und heben sich klar von “normalen” Kanzleien ab (z.B. hinsichtlich der Vergütung, Benefits, Hierarchien, Digitalisierungsgrad, Ausstattung etc.). Und das Beste: Unser gesamter Service ist unverbindlich und völlig kostenfrei für Sie. Find Jobs in Germany on Arbeitnow",False,"['Directors', 'Chief Executives']",[],arbeitnow,API | Git
"Steuerberater (m/w/d) in Stetten, auf Wunsch mit Partnerperspektive, gesucht - mindestens 90.000€",Taxtalente.de,Stetten,https://www.arbeitnow.com/jobs/companies/taxtalentede/steuerberater-in-stetten-auf-wunsch-mit-partnerperspektive-gesucht-mindestens-90000eur-356304,26-05-24,"TaxTalente ist die Nr. 1 Job-Matching Plattform für Jobsuchende in der Steuerberatung. Sie suchen eine positive berufliche Veränderung? Sie möchten den nächsten Schritt in Ihrer Karriere gehen und streben möglicherweise sogar eine Partnerschaft in einer zukunftsorientierten Kanzlei an? Sie möchten endlich wieder in einem positiven Arbeitsumfeld arbeiten, in dem Sie finanziell und persönlich wertgeschätzt werden? Sie suchen nach Tätigkeiten, die Sie auch wirklich weiterbringen? Sofern Sie sich in mindestens einem der genannten Punkte wiederfinden, sollten Sie sich bei uns melden. Wir haben die attraktivsten Arbeitgeber der Steuerberatungsbranche in unserem Netzwerk und bringen zusammen, was zusammengehört. Grenzenlose Entwicklungschancen mit Partnermöglichkeiten, vielschichtige Tätigkeitsbereiche, Gehälter wie in der Industrie und vieles mehr – melden Sie sich bei uns und wir unterstützen Sie auf Ihrem weiteren Karriereweg! Derzeit suchen wir nach einem Steuerberater (m/w/d) für eine unserer Partner-Kanzleien in Stetten Bei Rückfragen kannst du dich gerne jederzeit (auch nach deinem Feierabend) direkt telefonisch an Herrn Becker-Koch über folgende Nummer wenden: 015901431130 Aufgaben Wir bringen zusammen, was zusammengehört. Dabei spielt das passende Tätigkeitsprofil natürlich eine entscheidende Rolle. Bei unserer Partnerkanzlei können Sie sich Ihren Aufgabenbereich auf Basis Ihrer persönlichen Stärken und Schwächen selbst zusammenstellen. Erstellung und Review von Jahresabschlüssen Erstellung von Steuererklärungen für Personen- und Kapitalgesellschaften Steuerliche Sonderberatungsprojekte auf Basis individueller Qualifikationen B. in den Bereichen der Erbschaftsteuer oder des Umwandlungssteuerrechts Begleitung von Betriebsprüfungen Teamleitung und Personalverantwortung (optional) Weitere individuell wählbare Tätigkeitsbereiche , die Ihnen Freude bringen Qualifikation Am Ende sollte es für beide Seiten passen. Deshalb wäre es gut, wenn Sie sich in den folgenden Punkten wiederfinden. Kommunikative Art und Freude am Austausch mit Mandanten Sorgfältige , effiziente und gewissenhafte Arbeitsweise Offen für eine digitale Arbeitsweise Führungsverständnis und Verantwortungsbewusstsein gegenüber Mitarbeitern (optional) Ein erfolgreich abgeschlossenes Steuerberaterexamen Leidenschaft für steuerliche Themen Benefits Sie haben genug von 0815 Benefits, von denen Sie nicht wirklich profitieren? Dann sollten Sie einen Blick auf die nachfolgenden Benefits werfen. Außerordentliche Vergütung von 90.000 € bis 130.000 € / Jahr, auf Wunsch auch Partnerperspektive Flexible Gestaltung der Arbeitszeiten sowie die Option auf Home-Office Nettolohnoptimierung mit monatlichen 50,00€ Sachbezugsgutscheinen Umfangreiche Unterstützung bei Weiterbildungsmaßnahmen wie z.B. Fachberater Qualifikationen Modernste Ausstattung mit digitalen Prozessen Starker Teamzusammenhalt und regelmäßige Teamevents Schnell, unkompliziert und effizient Ihren Traumjob finden – ein Versprechen an Sie, dass wir aufgrund unseres selektiven, breit gefächerten und deutschlandweiten Kanzleinetzwerks halten werden. lhre Vorteile mit uns auf einen Blick: Sie führen keine unsinnigen Bewerbungsgespräche mehr, bei denen Sie während des Bewerbungsprozesses merken, dass es (bspw. wegen des Gehalts) sowieso nicht passt - wir klären vor Ihrem Bewerbungsgespräch all Ihre mit uns besprochenen Kriterien mit der Kanzlei ab. Wir führen Ihre Gehaltsverhandlungen und kennen die Gehaltsstrukturen der Branche dabei bestens. 100% Anonymität – solange Sie uns nicht das „Go“ geben und einem Kennenlernen mit Ihrem neuen potentiellen Arbeitgeber zustimmen, erfährt niemand von Ihrem Namen oder Ihren bisherigen Arbeitgebern – Ihre Ihnen wichtigen Kriterien können wir auch zunächst anonym mit unseren Partnerkanzleien klären. Attraktive Kanzleien – die Kanzleien in unserem breit gefächerten Kanzleinetzwerk sind selektiv ausgewählt und heben sich klar von “normalen” Kanzleien ab (z.B. hinsichtlich der Vergütung, Benefits, Hierarchien, Digitalisierungsgrad, Ausstattung etc.). Und das Beste: Unser gesamter Service ist unverbindlich und völlig kostenfrei für Sie. Find Jobs in Germany on Arbeitnow",False,"['Directors', 'Chief Executives']",[],arbeitnow,API | Git
"Steuerberater (m/w/d) in Oberotterbach, auf Wunsch mit Partnerperspektive, gesucht - mindestens 90.000€",Taxtalente.de,Oberotterbach,https://www.arbeitnow.com/jobs/companies/taxtalentede/steuerberater-in-oberotterbach-auf-wunsch-mit-partnerperspektive-gesucht-mindestens-90000eur-344426,26-05-24,"TaxTalente ist die Nr. 1 Job-Matching Plattform für Jobsuchende in der Steuerberatung. Sie suchen eine positive berufliche Veränderung? Sie möchten den nächsten Schritt in Ihrer Karriere gehen und streben möglicherweise sogar eine Partnerschaft in einer zukunftsorientierten Kanzlei an? Sie möchten endlich wieder in einem positiven Arbeitsumfeld arbeiten, in dem Sie finanziell und persönlich wertgeschätzt werden? Sie suchen nach Tätigkeiten, die Sie auch wirklich weiterbringen? Sofern Sie sich in mindestens einem der genannten Punkte wiederfinden, sollten Sie sich bei uns melden. Wir haben die attraktivsten Arbeitgeber der Steuerberatungsbranche in unserem Netzwerk und bringen zusammen, was zusammengehört. Grenzenlose Entwicklungschancen mit Partnermöglichkeiten, vielschichtige Tätigkeitsbereiche, Gehälter wie in der Industrie und vieles mehr – melden Sie sich bei uns und wir unterstützen Sie auf Ihrem weiteren Karriereweg! Derzeit suchen wir nach einem Steuerberater (m/w/d) für eine unserer Partner-Kanzleien in Oberotterbach Bei Rückfragen kannst du dich gerne jederzeit (auch nach deinem Feierabend) direkt telefonisch an Herrn Becker-Koch über folgende Nummer wenden: 015901431130 Aufgaben Wir bringen zusammen, was zusammengehört. Dabei spielt das passende Tätigkeitsprofil natürlich eine entscheidende Rolle. Bei unserer Partnerkanzlei können Sie sich Ihren Aufgabenbereich auf Basis Ihrer persönlichen Stärken und Schwächen selbst zusammenstellen. Erstellung und Review von Jahresabschlüssen Erstellung von Steuererklärungen für Personen- und Kapitalgesellschaften Steuerliche Sonderberatungsprojekte auf Basis individueller Qualifikationen B. in den Bereichen der Erbschaftsteuer oder des Umwandlungssteuerrechts Begleitung von Betriebsprüfungen Teamleitung und Personalverantwortung (optional) Weitere individuell wählbare Tätigkeitsbereiche , die Ihnen Freude bringen Qualifikation Am Ende sollte es für beide Seiten passen. Deshalb wäre es gut, wenn Sie sich in den folgenden Punkten wiederfinden. Kommunikative Art und Freude am Austausch mit Mandanten Sorgfältige , effiziente und gewissenhafte Arbeitsweise Offen für eine digitale Arbeitsweise Führungsverständnis und Verantwortungsbewusstsein gegenüber Mitarbeitern (optional) Ein erfolgreich abgeschlossenes Steuerberaterexamen Leidenschaft für steuerliche Themen Benefits Sie haben genug von 0815 Benefits, von denen Sie nicht wirklich profitieren? Dann sollten Sie einen Blick auf die nachfolgenden Benefits werfen. Außerordentliche Vergütung von 90.000 € bis 130.000 € / Jahr, auf Wunsch auch Partnerperspektive Flexible Gestaltung der Arbeitszeiten sowie die Option auf Home-Office Nettolohnoptimierung mit monatlichen 50,00€ Sachbezugsgutscheinen Umfangreiche Unterstützung bei Weiterbildungsmaßnahmen wie z.B. Fachberater Qualifikationen Modernste Ausstattung mit digitalen Prozessen Starker Teamzusammenhalt und regelmäßige Teamevents Schnell, unkompliziert und effizient Ihren Traumjob finden – ein Versprechen an Sie, dass wir aufgrund unseres selektiven, breit gefächerten und deutschlandweiten Kanzleinetzwerks halten werden. lhre Vorteile mit uns auf einen Blick: Sie führen keine unsinnigen Bewerbungsgespräche mehr, bei denen Sie während des Bewerbungsprozesses merken, dass es (bspw. wegen des Gehalts) sowieso nicht passt - wir klären vor Ihrem Bewerbungsgespräch all Ihre mit uns besprochenen Kriterien mit der Kanzlei ab. Wir führen Ihre Gehaltsverhandlungen und kennen die Gehaltsstrukturen der Branche dabei bestens. 100% Anonymität – solange Sie uns nicht das „Go“ geben und einem Kennenlernen mit Ihrem neuen potentiellen Arbeitgeber zustimmen, erfährt niemand von Ihrem Namen oder Ihren bisherigen Arbeitgebern – Ihre Ihnen wichtigen Kriterien können wir auch zunächst anonym mit unseren Partnerkanzleien klären. Attraktive Kanzleien – die Kanzleien in unserem breit gefächerten Kanzleinetzwerk sind selektiv ausgewählt und heben sich klar von “normalen” Kanzleien ab (z.B. hinsichtlich der Vergütung, Benefits, Hierarchien, Digitalisierungsgrad, Ausstattung etc.). Und das Beste: Unser gesamter Service ist unverbindlich und völlig kostenfrei für Sie. Find more English Speaking Jobs in Germany on Arbeitnow",False,"['Directors', 'Chief Executives']",[],arbeitnow,API | Git
"Steuerberater (m/w/d) in Bretzfeld, auf Wunsch mit Partnerperspektive, gesucht - mindestens 90.000€",Taxtalente.de,Bretzfeld,https://www.arbeitnow.com/jobs/companies/taxtalentede/steuerberater-in-bretzfeld-auf-wunsch-mit-partnerperspektive-gesucht-mindestens-90000eur-408523,26-05-24,"TaxTalente ist die Nr. 1 Job-Matching Plattform für Jobsuchende in der Steuerberatung. Sie suchen eine positive berufliche Veränderung? Sie möchten den nächsten Schritt in Ihrer Karriere gehen und streben möglicherweise sogar eine Partnerschaft in einer zukunftsorientierten Kanzlei an? Sie möchten endlich wieder in einem positiven Arbeitsumfeld arbeiten, in dem Sie finanziell und persönlich wertgeschätzt werden? Sie suchen nach Tätigkeiten, die Sie auch wirklich weiterbringen? Sofern Sie sich in mindestens einem der genannten Punkte wiederfinden, sollten Sie sich bei uns melden. Wir haben die attraktivsten Arbeitgeber der Steuerberatungsbranche in unserem Netzwerk und bringen zusammen, was zusammengehört. Grenzenlose Entwicklungschancen mit Partnermöglichkeiten, vielschichtige Tätigkeitsbereiche, Gehälter wie in der Industrie und vieles mehr – melden Sie sich bei uns und wir unterstützen Sie auf Ihrem weiteren Karriereweg! Derzeit suchen wir nach einem Steuerberater (m/w/d) für eine unserer Partner-Kanzleien in Bretzfeld Bei Rückfragen kannst du dich gerne jederzeit (auch nach deinem Feierabend) direkt telefonisch an Herrn Becker-Koch über folgende Nummer wenden: 015901431130 Aufgaben Wir bringen zusammen, was zusammengehört. Dabei spielt das passende Tätigkeitsprofil natürlich eine entscheidende Rolle. Bei unserer Partnerkanzlei können Sie sich Ihren Aufgabenbereich auf Basis Ihrer persönlichen Stärken und Schwächen selbst zusammenstellen. Erstellung und Review von Jahresabschlüssen Erstellung von Steuererklärungen für Personen- und Kapitalgesellschaften Steuerliche Sonderberatungsprojekte auf Basis individueller Qualifikationen B. in den Bereichen der Erbschaftsteuer oder des Umwandlungssteuerrechts Begleitung von Betriebsprüfungen Teamleitung und Personalverantwortung (optional) Weitere individuell wählbare Tätigkeitsbereiche , die Ihnen Freude bringen Qualifikation Am Ende sollte es für beide Seiten passen. Deshalb wäre es gut, wenn Sie sich in den folgenden Punkten wiederfinden. Kommunikative Art und Freude am Austausch mit Mandanten Sorgfältige , effiziente und gewissenhafte Arbeitsweise Offen für eine digitale Arbeitsweise Führungsverständnis und Verantwortungsbewusstsein gegenüber Mitarbeitern (optional) Ein erfolgreich abgeschlossenes Steuerberaterexamen Leidenschaft für steuerliche Themen Benefits Sie haben genug von 0815 Benefits, von denen Sie nicht wirklich profitieren? Dann sollten Sie einen Blick auf die nachfolgenden Benefits werfen. Außerordentliche Vergütung von 90.000 € bis 130.000 € / Jahr, auf Wunsch auch Partnerperspektive Flexible Gestaltung der Arbeitszeiten sowie die Option auf Home-Office Nettolohnoptimierung mit monatlichen 50,00€ Sachbezugsgutscheinen Umfangreiche Unterstützung bei Weiterbildungsmaßnahmen wie z.B. Fachberater Qualifikationen Modernste Ausstattung mit digitalen Prozessen Starker Teamzusammenhalt und regelmäßige Teamevents Schnell, unkompliziert und effizient Ihren Traumjob finden – ein Versprechen an Sie, dass wir aufgrund unseres selektiven, breit gefächerten und deutschlandweiten Kanzleinetzwerks halten werden. lhre Vorteile mit uns auf einen Blick: Sie führen keine unsinnigen Bewerbungsgespräche mehr, bei denen Sie während des Bewerbungsprozesses merken, dass es (bspw. wegen des Gehalts) sowieso nicht passt - wir klären vor Ihrem Bewerbungsgespräch all Ihre mit uns besprochenen Kriterien mit der Kanzlei ab. Wir führen Ihre Gehaltsverhandlungen und kennen die Gehaltsstrukturen der Branche dabei bestens. 100% Anonymität – solange Sie uns nicht das „Go“ geben und einem Kennenlernen mit Ihrem neuen potentiellen Arbeitgeber zustimmen, erfährt niemand von Ihrem Namen oder Ihren bisherigen Arbeitgebern – Ihre Ihnen wichtigen Kriterien können wir auch zunächst anonym mit unseren Partnerkanzleien klären. Attraktive Kanzleien – die Kanzleien in unserem breit gefächerten Kanzleinetzwerk sind selektiv ausgewählt und heben sich klar von “normalen” Kanzleien ab (z.B. hinsichtlich der Vergütung, Benefits, Hierarchien, Digitalisierungsgrad, Ausstattung etc.). Und das Beste: Unser gesamter Service ist unverbindlich und völlig kostenfrei für Sie. Find more English Speaking Jobs in Germany on Arbeitnow",False,"['Directors', 'Chief Executives']",[],arbeitnow,API | Git
"Steuerberater (m/w/d) in Hückeswagen, auf Wunsch mit Partnerperspektive, gesucht - mindestens 90.000€",Taxtalente.de,Hückeswagen,https://www.arbeitnow.com/jobs/companies/taxtalentede/steuerberater-in-huckeswagen-auf-wunsch-mit-partnerperspektive-gesucht-mindestens-90000eur-48848,26-05-24,"TaxTalente ist die Nr. 1 Job-Matching Plattform für Jobsuchende in der Steuerberatung. Sie suchen eine positive berufliche Veränderung? Sie möchten den nächsten Schritt in Ihrer Karriere gehen und streben möglicherweise sogar eine Partnerschaft in einer zukunftsorientierten Kanzlei an? Sie möchten endlich wieder in einem positiven Arbeitsumfeld arbeiten, in dem Sie finanziell und persönlich wertgeschätzt werden? Sie suchen nach Tätigkeiten, die Sie auch wirklich weiterbringen? Sofern Sie sich in mindestens einem der genannten Punkte wiederfinden, sollten Sie sich bei uns melden. Wir haben die attraktivsten Arbeitgeber der Steuerberatungsbranche in unserem Netzwerk und bringen zusammen, was zusammengehört. Grenzenlose Entwicklungschancen mit Partnermöglichkeiten, vielschichtige Tätigkeitsbereiche, Gehälter wie in der Industrie und vieles mehr – melden Sie sich bei uns und wir unterstützen Sie auf Ihrem weiteren Karriereweg! Derzeit suchen wir nach einem Steuerberater (m/w/d) für eine unserer Partner-Kanzleien in Hückeswagen Bei Rückfragen kannst du dich gerne jederzeit (auch nach deinem Feierabend) direkt telefonisch an Herrn Becker-Koch über folgende Nummer wenden: 015901431130 Aufgaben Wir bringen zusammen, was zusammengehört. Dabei spielt das passende Tätigkeitsprofil natürlich eine entscheidende Rolle. Bei unserer Partnerkanzlei können Sie sich Ihren Aufgabenbereich auf Basis Ihrer persönlichen Stärken und Schwächen selbst zusammenstellen. Erstellung und Review von Jahresabschlüssen Erstellung von Steuererklärungen für Personen- und Kapitalgesellschaften Steuerliche Sonderberatungsprojekte auf Basis individueller Qualifikationen B. in den Bereichen der Erbschaftsteuer oder des Umwandlungssteuerrechts Begleitung von Betriebsprüfungen Teamleitung und Personalverantwortung (optional) Weitere individuell wählbare Tätigkeitsbereiche , die Ihnen Freude bringen Qualifikation Am Ende sollte es für beide Seiten passen. Deshalb wäre es gut, wenn Sie sich in den folgenden Punkten wiederfinden. Kommunikative Art und Freude am Austausch mit Mandanten Sorgfältige , effiziente und gewissenhafte Arbeitsweise Offen für eine digitale Arbeitsweise Führungsverständnis und Verantwortungsbewusstsein gegenüber Mitarbeitern (optional) Ein erfolgreich abgeschlossenes Steuerberaterexamen Leidenschaft für steuerliche Themen Benefits Sie haben genug von 0815 Benefits, von denen Sie nicht wirklich profitieren? Dann sollten Sie einen Blick auf die nachfolgenden Benefits werfen. Außerordentliche Vergütung von 90.000 € bis 130.000 € / Jahr, auf Wunsch auch Partnerperspektive Flexible Gestaltung der Arbeitszeiten sowie die Option auf Home-Office Nettolohnoptimierung mit monatlichen 50,00€ Sachbezugsgutscheinen Umfangreiche Unterstützung bei Weiterbildungsmaßnahmen wie z.B. Fachberater Qualifikationen Modernste Ausstattung mit digitalen Prozessen Starker Teamzusammenhalt und regelmäßige Teamevents Schnell, unkompliziert und effizient Ihren Traumjob finden – ein Versprechen an Sie, dass wir aufgrund unseres selektiven, breit gefächerten und deutschlandweiten Kanzleinetzwerks halten werden. lhre Vorteile mit uns auf einen Blick: Sie führen keine unsinnigen Bewerbungsgespräche mehr, bei denen Sie während des Bewerbungsprozesses merken, dass es (bspw. wegen des Gehalts) sowieso nicht passt - wir klären vor Ihrem Bewerbungsgespräch all Ihre mit uns besprochenen Kriterien mit der Kanzlei ab. Wir führen Ihre Gehaltsverhandlungen und kennen die Gehaltsstrukturen der Branche dabei bestens. 100% Anonymität – solange Sie uns nicht das „Go“ geben und einem Kennenlernen mit Ihrem neuen potentiellen Arbeitgeber zustimmen, erfährt niemand von Ihrem Namen oder Ihren bisherigen Arbeitgebern – Ihre Ihnen wichtigen Kriterien können wir auch zunächst anonym mit unseren Partnerkanzleien klären. Attraktive Kanzleien – die Kanzleien in unserem breit gefächerten Kanzleinetzwerk sind selektiv ausgewählt und heben sich klar von “normalen” Kanzleien ab (z.B. hinsichtlich der Vergütung, Benefits, Hierarchien, Digitalisierungsgrad, Ausstattung etc.). Und das Beste: Unser gesamter Service ist unverbindlich und völlig kostenfrei für Sie. Find more English Speaking Jobs in Germany on Arbeitnow",False,"['Directors', 'Chief Executives']",[],arbeitnow,API | Git
"Steuerberater (m/w/d) in Naumburg, auf Wunsch mit Partnerperspektive, gesucht - mindestens 90.000€",Taxtalente.de,Naumburg,https://www.arbeitnow.com/jobs/companies/taxtalentede/steuerberater-in-naumburg-auf-wunsch-mit-partnerperspektive-gesucht-mindestens-90000eur-282616,26-05-24,"TaxTalente ist die Nr. 1 Job-Matching Plattform für Jobsuchende in der Steuerberatung. Sie suchen eine positive berufliche Veränderung? Sie möchten den nächsten Schritt in Ihrer Karriere gehen und streben möglicherweise sogar eine Partnerschaft in einer zukunftsorientierten Kanzlei an? Sie möchten endlich wieder in einem positiven Arbeitsumfeld arbeiten, in dem Sie finanziell und persönlich wertgeschätzt werden? Sie suchen nach Tätigkeiten, die Sie auch wirklich weiterbringen? Sofern Sie sich in mindestens einem der genannten Punkte wiederfinden, sollten Sie sich bei uns melden. Wir haben die attraktivsten Arbeitgeber der Steuerberatungsbranche in unserem Netzwerk und bringen zusammen, was zusammengehört. Grenzenlose Entwicklungschancen mit Partnermöglichkeiten, vielschichtige Tätigkeitsbereiche, Gehälter wie in der Industrie und vieles mehr – melden Sie sich bei uns und wir unterstützen Sie auf Ihrem weiteren Karriereweg! Derzeit suchen wir nach einem Steuerberater (m/w/d) für eine unserer Partner-Kanzleien in Naumburg Bei Rückfragen kannst du dich gerne jederzeit (auch nach deinem Feierabend) direkt telefonisch an Herrn Becker-Koch über folgende Nummer wenden: 015901431130 Aufgaben Wir bringen zusammen, was zusammengehört. Dabei spielt das passende Tätigkeitsprofil natürlich eine entscheidende Rolle. Bei unserer Partnerkanzlei können Sie sich Ihren Aufgabenbereich auf Basis Ihrer persönlichen Stärken und Schwächen selbst zusammenstellen. Erstellung und Review von Jahresabschlüssen Erstellung von Steuererklärungen für Personen- und Kapitalgesellschaften Steuerliche Sonderberatungsprojekte auf Basis individueller Qualifikationen B. in den Bereichen der Erbschaftsteuer oder des Umwandlungssteuerrechts Begleitung von Betriebsprüfungen Teamleitung und Personalverantwortung (optional) Weitere individuell wählbare Tätigkeitsbereiche , die Ihnen Freude bringen Qualifikation Am Ende sollte es für beide Seiten passen. Deshalb wäre es gut, wenn Sie sich in den folgenden Punkten wiederfinden. Kommunikative Art und Freude am Austausch mit Mandanten Sorgfältige , effiziente und gewissenhafte Arbeitsweise Offen für eine digitale Arbeitsweise Führungsverständnis und Verantwortungsbewusstsein gegenüber Mitarbeitern (optional) Ein erfolgreich abgeschlossenes Steuerberaterexamen Leidenschaft für steuerliche Themen Benefits Sie haben genug von 0815 Benefits, von denen Sie nicht wirklich profitieren? Dann sollten Sie einen Blick auf die nachfolgenden Benefits werfen. Außerordentliche Vergütung von 90.000 € bis 130.000 € / Jahr, auf Wunsch auch Partnerperspektive Flexible Gestaltung der Arbeitszeiten sowie die Option auf Home-Office Nettolohnoptimierung mit monatlichen 50,00€ Sachbezugsgutscheinen Umfangreiche Unterstützung bei Weiterbildungsmaßnahmen wie z.B. Fachberater Qualifikationen Modernste Ausstattung mit digitalen Prozessen Starker Teamzusammenhalt und regelmäßige Teamevents Schnell, unkompliziert und effizient Ihren Traumjob finden – ein Versprechen an Sie, dass wir aufgrund unseres selektiven, breit gefächerten und deutschlandweiten Kanzleinetzwerks halten werden. lhre Vorteile mit uns auf einen Blick: Sie führen keine unsinnigen Bewerbungsgespräche mehr, bei denen Sie während des Bewerbungsprozesses merken, dass es (bspw. wegen des Gehalts) sowieso nicht passt - wir klären vor Ihrem Bewerbungsgespräch all Ihre mit uns besprochenen Kriterien mit der Kanzlei ab. Wir führen Ihre Gehaltsverhandlungen und kennen die Gehaltsstrukturen der Branche dabei bestens. 100% Anonymität – solange Sie uns nicht das „Go“ geben und einem Kennenlernen mit Ihrem neuen potentiellen Arbeitgeber zustimmen, erfährt niemand von Ihrem Namen oder Ihren bisherigen Arbeitgebern – Ihre Ihnen wichtigen Kriterien können wir auch zunächst anonym mit unseren Partnerkanzleien klären. Attraktive Kanzleien – die Kanzleien in unserem breit gefächerten Kanzleinetzwerk sind selektiv ausgewählt und heben sich klar von “normalen” Kanzleien ab (z.B. hinsichtlich der Vergütung, Benefits, Hierarchien, Digitalisierungsgrad, Ausstattung etc.). Und das Beste: Unser gesamter Service ist unverbindlich und völlig kostenfrei für Sie. Find more English Speaking Jobs in Germany on Arbeitnow",False,"['Directors', 'Chief Executives']",[],arbeitnow,API | Git
"Tech Lead, Web Core Product & Chrome Extension - Düsseldorf, Germany",Speechify,"Dusseldorf, North Rhine-Westphalia, Germany",https://www.arbeitnow.com/jobs/companies/speechify/tech-lead-web-core-product-chrome-extension-dusseldorf-germany-dusseldorf-223896,26-05-24,"The mission of Speechify is to make sure that reading is never a barrier to learning. Over 50 million people use Speechify's text-to-speech products to turn whatever they're reading – PDFs, books, Google Docs, news articles, websites – into audio, so they can read faster, read more, and remember more. Speechify's text-to-speech reading products include its iOS app, Android App, Mac App, Chrome Extension, and Web App. Google recently named Speechify the Chrome Extension of the Year and Apple named Speechify its App of the Day. Today, nearly 200 people around the globe work on Speechify in a 100% distributed setting – Speechify has no office. These include frontend and backend engineers, AI research scientists, and others from Amazon, Microsoft, and Google, leading PhD programs like Stanford, high growth startups like Stripe, Vercel, Bolt, and many founders of their own companies. This is a key role and ideal for someone who thinks strategically, enjoys fast-paced environments, passionate about making product decisions, and has experience building great user experiences that delight users. We are a flat organization that allows anyone to become a leader by showing excellent technical skills and delivering results consistently and fast. Work ethic, solid communication skills, and obsession with winning are paramount. Our interview process involves several technical interviews and we aim to complete them within 1 week. What Yo u' ll Do Actively ship production code to the web products Work closely with your dedicated product team Participate in product discussions to shape the product roadmap Have the opportunity to work on new and exciting features that will impact millions of lives An Ideal Candidate Should Have Experience. You've built and ship products that have scaled to thousands or millions of users Customer obsession. You are passionate about the field and have the desire to build high quality product that serves customer needs Speed. You work quickly to generate ideas and know how to decide which things can ship now and what things need time Focus. We're a high-growth startup with a busy, remote team. You know how and when to engage or be heads down Collaboration. You know how to inspire, play, and negotiate with opinionated designers, marketers, and PMs Tech Stack: Vanilla JS, ReactJS, Redux, Firebase, Typescript What We Offer A fast-growing environment where you can help shape the culture An entrepreneurial crew that supports risk, intuition, and hustle A hands-off approach so you can focus and do your best work The opportunity to make an impact in a transformative industry A competitive salary, a collegiate atmosphere, and a commitment to building a great asynchronous culture Think you're a good fit for this job? Tell us more about yourself and why you're interested in the role when you apply. And don't forget to include links to your portfolio and LinkedIn. Not looking but know someone who would make a great fit? Refer them! Speechify is committed to a diverse and inclusive workplace. Speechify does not discriminate on the basis of race, national origin, gender, gender identity, sexual orientation, protected veteran status, disability, age, or other legally protected status. Find more English Speaking Jobs in Germany on Arbeitnow",False,[],[],arbeitnow,Excel | React
Werkstudent (m/w/d) für Product Enablement,Tulip Interfaces,"München, Bavaria, Germany",https://www.arbeitnow.com/jobs/companies/tulip-interfaces/werkstudent-fur-product-enablement-munchen-159373,26-05-24,"Arbeitszeit: 20 Std./Woche | Dauer: mindestens 6 Monate | Startdatum: Juni 2026 (oder nach Vereinbarung) Standort: München – Wir arbeiten hybrid und sind 3+ Tage pro Woche im Büro. Tulip ist der führende Anbieter für AI-native Frontline Operations. Unternehmen weltweit nutzen unsere Plattform, um ihre Mitarbeitenden mit modularen, vernetzten Apps auszustatten – für bessere Arbeitsqualität, höhere Effizienz und durchgängige Nachvollziehbarkeit. Unsere Cloud-native No-Code-Plattform mit integrierter KI treibt die digitale Transformation industrieller Umgebungen voran und geht mit menschzentrierten Lösungen weit über die MES-Kategorie (Manufacturing Execution System) hinaus. Tulip ist ein MIT-Spin-off mit Hauptsitz in Somerville, MA, und weiteren Standorten in Deutschland, Ungarn, Singapur und Israel. Tulip wurde unter anderem als World Economic Forum Global Innovator ausgezeichnet, hat 2024 den Deloitte Technology Fast Award gewonnen und steht auf den Listen von Energage (Top Workplaces USA) und Built In Boston (""Best Places to Work"" und ""Best Midsize Places to Work""). Über dich: Du studierst im Master und willst die nächsten sechs Monate in einem Product-Enablement-Team mitarbeiten – mit eigenen Themen, klarer Verantwortung und sichtbaren Ergebnissen. KI-Tools wie Claude oder ChatGPT setzt du bereits für echte Aufgaben ein oder arbeitest dich schnell ein. Du hilfst uns dabei, unsere Kunden in der Fertigung und die nächste Generation App-Builder an Hochschulen schneller mit Tulip vertraut zu machen – mit KI als zentralem Werkzeug. Was du mitbringst: Aktuell im Master in Ingenieurwissenschaften, Bildungswissenschaften, Betriebswirtschaft, Wirtschaftsinformatik oder einem verwandten Fach eingeschrieben Selbstständige, anpackende Arbeitsweise – du denkst mit, bringst eigene Ideen ein, treibst sie voran und ziehst sie auch durch Echtes Interesse daran, wie Menschen neue Tools lernen – und die Fähigkeit, dich in Lernende hineinzuversetzen, wenn du Inhalte erstellst Sehr gute schriftliche und mündliche Kommunikation auf Deutsch und Englisch – klar, strukturiert und auf die Zielgruppe abgestimmt Sicherer Umgang mit KI-Tools wie Claude oder ChatGPT oder die klare Bereitschaft, sich schnell einzuarbeiten Nice to have: Erfahrung in produzierenden Unternehmen (diskrete Produktion oder Life Sciences/Pharma) Vorerfahrung in der Erstellung von Lerninhalten, Videomaterial oder technischer Dokumentation Deine Aufgaben: Du baust KI-basierte Workflows auf – etwa mit Claude Cowork – um Higher-Education-Accounts zu verwalten und die Erstellung von Lerninhalten zu beschleunigen Du arbeitest an AI-Process-Engineer-Workshops mit – von der Konzeption bis zur Durchführung – als Teil von Tulips Initiative, tausende AI Process Engineers in unserem Kundenstamm zu zertifizieren Du baust neue Kurse für die Tulip University auf: Skripte schreiben, Screen-Recordings erstellen, Demo-Apps vorbereiten, Schritt-für-Schritt-Anleitungen verfassen Du aktualisierst bestehende Kursinhalte mithilfe KI-gestützter Workflows und unterstützt die LMS-Migration der Tulip University (Aufbereitung, Tagging und Import von Assets) Du betreust Higher-Education-Partner: Plattform-Fragen beantworten, Salesforce-Datensätze pflegen, Account-Nutzung analysieren und ein Curriculum für Vorlesungen und Praktika entwerfen Mit wem du zusammenarbeitest: Product Enablement (direkte Betreuung) Product Operations Higher-Education-Partner – Universitäten und akademische Kontakte in Deutschland und Europa Abteilungsübergreifende Tulip-Teams aus Product, Engineering, Marketing und Solutions Engineering Arbeiten bei Tulip Wir wissen, dass auch starke Bewerber:innen das Imposter-Syndrom kennen. Auch wenn du nicht jede Anforderung erfüllst, freuen wir uns über deine Bewerbung. Wir bauen ein starkes, vielfältiges Team auf, das harte Arbeit, Familie und persönliches Wohlbefinden gleichermaßen schätzt. Was du bei uns bekommst: Direkter Einfluss auf Produkt und Kultur Attraktives Benefits-Paket: Fahrtkostenzuschuss, Weiterbildungsbudget, Teamevents und an drei Tagen die Woche kostenloses Mittagessen im Büro Flexible Arbeitszeiten Ein inklusives, hundefreundliches Büro mit vielfältigen, inspirierenden Kolleg:innen Tulip ist ein Arbeitgeber, der Chancengleichheit fördert. Wir freuen uns über jede Bewerbung – unabhängig von ethnischer Herkunft, Religion, Hautfarbe, Nationalität, Geschlecht, sexueller Orientierung, Alter, Familienstand, Veteranenstatus oder Behinderung. Hilf uns dabei, eine inklusive Community aufzubauen, die Frontline Operations grundlegend verändert. It is unlawful in Massachusetts to require or administer a lie detector test as a condition of employment or continued employment. An employer who violates this law shall be subject to criminal penalties and civil liability. Please note that we may use AI-based tools to support parts of our hiring process. All data processing is carried out in compliance with local data protection laws, ensuring all personal candidate information is handled securely and ethically. Find Jobs in Germany on Arbeitnow",False,[],[],arbeitnow,AWS | Git
Working Student for Product Enablement,Tulip Interfaces,"Munich, Bavaria, Germany",https://www.arbeitnow.com/jobs/companies/tulip-interfaces/working-student-for-product-enablement-munich-74303,26-05-24,"Working Hours: 20h/week | Duration: 6 months minimum | Start Date: June 2026 (or by mutual agreement) Location: Munich – We are a hybrid work environment and are in the office 3+ days/per week. Tulip , the leader in AI-native frontline operations, is helping companies around the world equip their workforce with composable, connected apps, leading to higher quality work, improved efficiency, and end-to-end traceability across operations. Tulip's cloud-native, no-code platform, powered by embedded AI, is driving the digital transformation of industrial environments through composable, human-centric solutions that go beyond disrupting the Manufacturing Execution System (MES) category. A spinoff out of MIT, Tulip is headquartered in Somerville, MA, with offices in Germany, Hungary, Singapore, and Israel. Tulip has been recognized as a World Economic Forum Global Innovator, a 2024 Deloitte Technology Fast award winner, one of Energage's Top Workplaces USA, and one of Built In Boston's ""Best Places to Work"" and ""Best Midsize Places to Work."" About You: You're a Master's student looking for six months of hands-on work in customer enablement, AI tooling, and enterprise SaaS. You're comfortable using AI tools like Claude or ChatGPT for real work. You want to help shape how manufacturing customers — and the students who will become tomorrow's builders — learn to build on Tulip, as AI changes how people pick up new tools. What skills do I need? Currently enrolled in a Master's program in engineering, education, business administration, business informatics, or a related field Self-starter with a hands-on mentality — eager to think for yourself, come up with ideas, push them, and get things done well Genuine interest in how people learn to use new technology, and the ability to put yourself in a learner's shoes when designing content Strong written and spoken communication in German and English — clear, structured, and adapted to the audience Comfortable using AI tools (e.g., Claude, ChatGPT) for real work Nice to have: Some exposure to manufacturing or life sciences environments Prior experience creating learning content, video material, or technical documentation Key Responsibilities: Set up AI-based workflows (using tools like Claude Cowork) to manage Higher Education accounts and streamline content operations Help design and deliver AI Process Engineer workshops — part of Tulip's effort to certify thousands of AI Process Engineers across our customer base Build new Tulip University courses — draft scripts, record screens, prepare demo apps, and write step-by-step instructions Update existing course content using AI-assisted workflows, and support Tulip University's LMS migration (asset preparation, tagging, importing) Support Higher Education partners — answer platform questions, manage Salesforce records, analyze account usage, and draft an out-of-the-box curriculum for use in lectures and labs Key Collaborators: Product Enablement (direct supervision) Product Operations Higher Education partners — universities and academic contacts across Germany and Europe Cross-functional Tulip teams across Product, Engineering, Marketing, and Solutions Engineering Working At Tulip We know even great candidates experience imposter syndrome. Even if you don't match every requirement, applying gives you the opportunity to be considered. We're building a strong, diverse team that values hard work, families, and personal well-being. Benefits of working with us include: Direct impact on product and culture Competitive benefits package including commuter benefits, learning and development stipend, team events, and catered lunches three days a week Flexible work schedule An inclusive, dog-friendly office with diverse and inspiring colleagues We are an equal opportunity employer. At Tulip, we celebrate all. Qualified applicants will receive consideration for employment without regard to race, religion, color, national origin, gender, sexual orientation, age, marital status, veteran status, or disability status. Help us build an inclusive community that will transform frontline operations. It is unlawful in Massachusetts to require or administer a lie detector test as a condition of employment or continued employment. An employer who violates this law shall be subject to criminal penalties and civil liability. Please note that we may use AI-based tools to support parts of our hiring process. All data processing is carried out in compliance with local data protection laws, ensuring all personal candidate information is handled securely and ethically. Find more English Speaking Jobs in Germany on Arbeitnow",False,[],[],arbeitnow,AWS | Git
Senior Software Engineer (.NET) (f/m/d),Apaleo,"Munich, Bavaria, Germany",https://www.arbeitnow.com/jobs/companies/apaleo/senior-software-engineer-net-munich-191219,26-05-24,"Join Apaleo and Shape the Future of Hospitality Tech! Apaleo is the world's most open, API-first property management platform powering the next generation of hospitality operations. Its modular, AI-powered infrastructure enables hoteliers to customise their tech stack, automate routine work, and deliver seamless, personalised guest experiences, powered by best-in-class apps and autonomous AI agents that adapt to every stay. If you're driven by the idea of making hospitality smarter, more human, and powered by cutting-edge technology, we'd love to hear from you. What You'll Be Up To: Implementing Core services for the platform in .NET 10 that runs in Docker containers; Developing features from DB to the APIs; Ensuring the platform remains scalable and the codebase remains maintainable; Proactively monitoring the services in production and spotting potential issues; Care about the quality of produced code by covering it with unit and e2e tests; You will be a part of an exciting, open, and agile team, where your voice matters and has a company-wide impact. What You'll Bring to the Team: You have a degree in Computer Science or a related technical field, or equivalent practical experience; You bring at least 5 years of experience working in software engineering with relevant programming experience; Proficient in .NET backend development, including technologies such as Kafka (or equivalents), AWS, Docker, ECS/Kubernetes, and PostgreSQL. Experience using AI-assisted coding tools (e.g., GitHub Copilot, Cursor AI, Claude Code ) to accelerate development, troubleshoot code, and generate documentation ; A growth mindset toward continuously exploring new AI technologies that can positively impact our engineering culture and delivery pipeline. Nice to have: Experience applying Kafka for real-time processing, leveraging AWS/Docker for DevOps workflows, or performing PostgreSQL optimizations. You know how to break down large epics into smaller issues; You worked with the concepts of IaaS/ PaaS/ SaaS; You worked extensively with microservices-based architecture and used asynchronous message-based communication; You communicate fluently in English; German and any other languages are always welcomed; What We Offer Culture & Growth A Diverse & International Team: Work alongside passionate professionals from over 20 nationalities, bringing unique cultural perspectives, backgrounds, and experiences to shape the future of hospitality tech. Growth & Development: As we scale, so do your opportunities. You'll benefit from 360° feedback reviews, a dedicated learning budget, and plenty of chances to take on more responsibility. Our evolving career framework ensures you have increasing opportunities to learn new skills, advance your career, and make an impact. Autonomy & Ownership: Great ideas can come from anywhere. We empower you to take responsibility, make decisions, and contribute directly in an environment built on trust, transparency, and collaboration. Shape the Future of Hospitality Tech: Be part of a fast-growing scale-up transforming the hospitality industry. From day one, your work drives real impact and you'll have the freedom to bring your ideas to life. Competitive & Fair Compensation: We believe great work deserves great pay. Our salaries are competitive and guided by benchmarking data to ensure fairness across all roles and teams. We make sure to recognize and reward performance and contribution. Perks & Lifestyle Flexible & Remote Work Options: We focus on results, not clocking hours. You can work from home, the office or in a hybrid setup, with flexibility to adapt your schedule as long as it makes sense for your role, your team and our business. Free Public Transport: Travel across Germany with ease using our fully covered Deutschland Ticket . Team Connection: Strong connections fuel collaboration. We celebrate and connect through regular team dinners, company meetups, Oktoberfest celebrations, Christmas parties, and other offsite events. Paid Time Off: Enjoy 30 days of vacation to fully disconnect, recharge, and return inspired. Health & Wellbeing: Prioritize your health with access to hundreds of gyms, fitness studios, and wellness options through our EGYM Wellpass membership. How you make an impact joining Apaleo: Joining Apaleo means more than just taking on a role, it's about driving real change in the hospitality industry. Your contributions will directly shape our innovative platform, influence company-wide decisions, and help redefine the future of hospitality tech. At Apaleo, your voice matters, your ideas are valued, and your impact is tangible. Be part of a team where your work fuels progress, collaboration sparks innovation, and growth is a shared journey. We are proud to be an Equal Opportunity and Affirmative Action Employer, committed to fostering a diverse, inclusive, and welcoming workplace. We encourage applications from individuals of all backgrounds, regardless of race, color, religion, gender identity or expression, sex, national origin, age, marital status, disability, or any other characteristic protected by applicable law. Your personal data will be handled with the utmost care and in compliance with GDPR and relevant data protection regulations. We celebrate differences and believe that diversity enriches our team and drives innovation. Find more English Speaking Jobs in Germany on Arbeitnow",False,[],[],arbeitnow,SQL | API | Docker | AWS | Git | GitHub
Principal Safety Engineer,Bolt Technology,"Munich, Bavaria, Germany",https://www.arbeitnow.com/jobs/companies/bolt-technology/principal-safety-engineer-munich-296923,26-05-24,"<gh-intro> <text> We are looking for a Principal Safety Engineer to join our Autonomous Driving team in Europe. You will play a critical role in ensuring the safety integrity of our Level 4 automated driving systems, working across the full stack - from system architecture to regulatory approval - to bring safe autonomous mobility to real-world deployment. </text> </gh-intro> <gh-about-us> <title> About us </title> <text> With over 200 million customers in 50+ countries, Bolt is one of the fastest-growing tech companies in Europe and Africa. And it's all thanks to our people. We believe in creating an inclusive environment where everyone is welcome, regardless of race, colour, religion, gender identity, sexual orientation, national origin, age, or disability. Our ultimate goal is to make cities for people, not cars, and we need your help to achieve this mission! </text> </gh-about-us> <gh-role-detail> <title> About the role </title> <text> As a Principal Safety Engineer, you will be the technical authority for safety across our Autonomous Product. You will own the end-to-end safety case - from hazard identification and system design through to regulatory approval - ensuring our systems meet the highest standards of functional safety, SOTIF, and cybersecurity. You will shape how safety is embedded across the organisation, influencing system architecture, engineering practices, and decision-making at every level. You will work closely with engineering, product, and regulatory stakeholders to define what ""safe enough"" means - and ensure it is rigorously achieved and demonstrated. </text> </gh-role-detail> <gh-responsibilities> <title> Main tasks and responsibilities: </title> <bulletpoints> <point>Own and maintain the system-level safety case for the ADS, covering ISO 26262, ISO 21448 (SOTIF), ISO/SAE 21434 and more.</point> <point>Lead hazard analysis (HARA), ODD definition, and safety architecture across different products.</point> <point>Define and drive verification and validation strategies for different deployments.</point> <point>Establish and govern safety processes, including safety reviews, KPIs, and release approvals to fleet.</point> <point>Ensure compliance with regulatory frameworks (e.g. UN WP.29, EU AV legislation) and support type approval readiness.</point> <point>Collaborate across teams to embed safety principles into system design, development, and deployment.</point> </bulletpoints> <text>Experience with ML safety, explainability, or perception system robustness is nice to have.</text> </gh-responsibilities> <gh-requirements> <title> About you: </title> <bulletpoints> <point>Extensive experience (10-12+ years) in automotive, robotics, or aerospace systems engineering, including leadership in safety-critical domains.</point> <point>Strong expertise in functional safety (ISO 26262), SOTIF (ISO 21448), and automotive cybersecurity (ISO/SAE 21434) . </point> <point>Proven track record delivering safety cases and supporting certification or type approval for complex systems . </point> <point>Deep understanding of autonomous driving system architecture (perception, sensor fusion, planning, control) . </point> <point>Proven record or familiarity with Safety conformity of end to end based Autonomous drive. e.g ISO/PAS 8800.</point> <point>Familiarity with tools such as DOORS, Polarion, Codebeamer, or similar requirements and safety tooling.</point> </bulletpoints> <text> Experience is great, but what we really look for is drive, intelligence, and integrity. So even if you don't tick every box, please consider applying if you feel you're the kind of person described above! </text> </gh-requirements> <gh-perks> <title> Why you'll love it here: </title> <bulletpoints> <point>Play a direct role in shaping the future of mobility.</point> <point>Impact millions of customers and partners in 600+ cities across 50+ countries.</point> <point>Work in fast-moving autonomous teams with some of the smartest people in the world.</point> <point>Accelerate your professional growth with unique career opportunities.</point> <point>Get a rewarding salary and stock option package that lets you focus on doing your best work.</point> <point>Enjoy the flexibility of working in a hybrid mode with a minimum of 2 days in the office each week to foster strong connections and teamwork.</point> <point>Take care of your physical and mental health with our wellness perks.</point> </bulletpoints> <text>* Some perks may differ depending on your location and role. </text> </gh-perks> #LI-Hybrid Find Jobs in Germany on Arbeitnow",False,[],[],arbeitnow,API
Senior Talent Acquisition Partner (m/f/d) – FlixTrain,Flix,"Berlin, Berlin, Germany",https://www.arbeitnow.com/jobs/companies/flix/senior-talent-acquisition-partner-flixtrain-berlin-142352,26-05-24,"Bei FlixTrain gestaltest du die Zukunft der Mobilität aktiv mit. Wir bieten dir nicht nur sichere Arbeitsplätze sowie attraktive Zusatzleistungen, sondern auch ein dynamisches, internationales Umfeld, in dem deine Ideen echten Einfluss haben. Mit dem weiteren Wachstum unseres Train Geschäfts suchen wir einen Senior Recruiter/Senior Talent Acquisition Partner (m/w/d ), der/die das Recruiting für FlixTrain maßgeblich prägt und vorantreibt Du handelst eigenständig, setzt klare Prioritäten und findest deinen Weg auch dann, wenn sich Rahmenbedingungen schnell ändern? Bei FlixTrain verantwortest du das End to End Recruiting für ein breites Rollenspektrum über verschiedene Senioritätsstufen hinweg – und bist echte Sparringspartner:in für Senior Stakeholder mit aktivem Einfluss auf Hiring Entscheidungen. Du arbeitest in einem vierköpfigen Recruiting Team mit hybridem Modell in Berlin (60/40). Über die Rolle Eigenverantwortliches 360° Recruiting für FlixTrain Headquarter-Rollen (Commercial, Finance, Operations, Engineering) sowie für Onboard Personal (Triebfahrzeugführer:innen, Zugbegleiter:innen) Enge Zusammenarbeit mit Hiring Manager:innen und Senior Stakeholdern bei der Entwicklung passgenauer Sourcing  und Auswahlstrategien Aktive Ansprache relevanter Talentpools über kreative Online  und Offline Kanäle sowie Einbringung von Markt  und Recruiting Insights Datenbasierte Steuerung von Hiring Entscheidungen durch KPIs und ATS Reporting (Greenhouse) Sicherstellung einer exzellenten Candidate Experience durch klare, wertschätzende und transparente Kommunikation Positionierung von FlixTrain als attraktive Arbeitgebermarke entlang des gesamten Recruiting Prozesses Mitgestaltung übergreifender Talent Acquisition Initiativen zur Prozessoptimierung und  automatisierung Über Dich Mindestens 5 Jahre Erfahrung im Full‑Cycle‑Inhouse‑Recruiting in einem dynamischen Umfeld (idealerweise stark reguliert oder hohes Wachstum) Erfahrung in der Besetzung operativer, technischer oder kaufmännischer Rollen über verschiedene Senioritätsstufen hinweg, idealerweise in Transport, Produktion oder Engineering Hohe Sicherheit im Stakeholder‑ und Offer‑Management, auch auf Senior‑Level Ausgeprägte Resilienz im Umgang mit Unsicherheiten und sich schnell ändernden Prioritäten Starke Sourcing‑Expertise und Erfahrung im Aufbau nachhaltiger Talentpools Datengetriebene Arbeitsweise und sicherer Umgang mit Recruiting‑Kennzahlen Verhandlungssicheres Deutsch und Englisch Bei uns zählt der Blick auf das Ganze – auch wenn du nicht alle Anforderungen zu 100 % erfüllst, aber dennoch glaubst, etwas bewegen zu können, freuen wir uns auf deine Bewerbung! Was Wir Bieten Reisevorteile : 12 kostenlose Flix-Gutscheine + 12 Rabattgutscheine für Freunde & Familie. Arbeiten von Überall : Je nach Rolle kannst du bis zu 60 Tage pro Jahr von einem anderen Standort aus arbeiten. Hybrides Arbeitsmodell: Wir sind ein Unternehmen mit Bürokultur, bieten jedoch Flexibilität, um Arbeit und Leben in Einklang zu bringen. Gesundheits- und Wohlfühlangebote: Zugang zu vertraulichen Einzelberatungen, Kursen und Stressbewältigungsmaßnahmen – für dich und bis zu vier Familienangehörige. Lernen & Entwicklung : Nutze Sprachkurse, Schulungen und Experten-Sessions, um deine Fähigkeiten auszubauen. Mentoring-Programm : Vernetze dich mit erfahrenen Kollegen, um Einblicke zu gewinnen und deine Karriere zu beschleunigen. Warum Teil von Flix werden? Bei Flix konzentrieren wir uns darauf, Reisen einfach, sicher und erschwinglich zu gestalten – sowohl für unsere Passagiere als auch für unsere Mitarbeiter. Hier geht es schnell voran, und es gibt viel Raum, etwas zu bewegen. Wir wachsen und entwickeln uns täglich weiter und suchen Menschen, die bereit sind, sich einzubringen und die Art und Weise, wie wir arbeiten, mitzugestalten. Wenn du einen Job suchst, in dem du wachsen und etwas bewirken kannst, dann bist du bei FlixTrain genau richtig. Hier kannst du Teil eines Teams werden, in dem dein Beitrag zählt und du deine Reise selbst gestalten kannst! Find Jobs in Germany on Arbeitnow",False,[],[],arbeitnow,
Senior Disponent (m/w/d) FlixTrain,Flix,"Berlin, Berlin, Germany",https://www.arbeitnow.com/jobs/companies/flix/senior-disponent-flixtrain-berlin-506,26-05-24,"Senior Disponent im Zugverkehr (m/w/d) Bei FlixTrain bieten wir dir einen sicheren Arbeitsplatz mit überdurchschnittlicher Vergütung, umfangreichen Zusatzleistungen und echter Entwicklungsperspektive. In einem dynamischen Umfeld bist du Teil eines Teams, das die Zukunft des Reisens aktiv mitgestaltet. Unsere Leitstelle sichert den reibungslosen Bahnbetrieb im FlixTrain-Netz, indem sie Fahrzeuge und Personal koordiniert und operative Entscheidungen trifft. Als Senior Disponent:in sorgst du mit deinem Handeln für Stabilität, Pünktlichkeit und Kundenzufriedenheit im Fernverkehr. Dabei arbeitest du mit modernen Dispositions- und Kommunikationssystemen sowie einem starken Team erfahrener Kolleg:innen. Über die Rolle Koordination von Fahrzeugen und Fahrpersonal im täglichen Bahnbetrieb Treffen operativer Entscheidungen bei Störungen, Verspätungen und besonderen Lagen Dokumentation von Vorkommnissen und Kommunikation mit Leitungs- und Betriebsebene Aktive Fahrgastinformation sowie die Organisation von Ersatzbeförderung bei Abweichungen Arbeit im geregelten Schichtdienst (24/7) im Team Verantwortung für Qualität und Sicherheit im Betriebsablauf Mentoring und Unterstützung neuer Kolleg:innen bei der Einarbeitung Über Dich Abgeschlossene Berufsausbildung Fließende Deutschkenntnisse (mind. C1) Mind. 1 Jahr Erfahrung in Disposition, Eisenbahnbetrieb oder Verkehrssteuerung Belastbarkeit, Entscheidungsfreude und Durchsetzungsvermögen Strukturierte, lösungsorientierte Arbeitsweise Teamgeist und Kommunikationsstärke im Umgang mit Kolleg:innen und Zugpersonal Sicherer Umgang mit PC, E-Mail und Office-Programmen Kenntnisse im Arbeitszeitgesetz Bereitschaft zum Schichtdienst (inkl. Nacht-, Wochenend- und Feiertagsarbeit) Bei uns zählt der Blick auf das Ganze – auch wenn du nicht alle Anforderungen zu 100 % erfüllst, aber dennoch glaubst, etwas bewegen zu können, freuen wir uns auf deine Bewerbung! Was Wir Bieten Reisevorteile: 12 kostenlose Flix-Gutscheine + 12 Rabattgutscheine für Freunde & Familie. Mobilität: Mit einem Deutschlandticket bist du ganz flexibel. Arbeitsmodell: Wir sind ein Unternehmen mit Bürokultur und einem festen Schichtplan für eine gute Work-Life-Balance. Gesundheits- und Wohlfühlangebote: Zugang zu vertraulichen Einzelberatungen, Kursen und Stressbewältigungsmaßnahmen – für dich und bis zu vier Familienangehörige. Lernen & Entwicklung: Intensive Trainings und bezahlte Schulungen, insbesondere während der Einarbeitungszeit. Mentoring-Programm: Vernetze dich mit erfahrenen Kollegen, um Einblicke zu gewinnen und deine Karriere zu beschleunigen. Dog-friendly Office: Bring deinen Vierbeiner mit ins Büro. Vergünstigungen: Urban Sport Club (85%), Jobrad und Corporate Benefits-Portal mit Rabatten auf viele Lebensbereiche Warum Teil von Flix werden? Bei Flix konzentrieren wir uns darauf, Reisen einfach, sicher und preiswert zu gestalten – sowohl für unsere Passagiere als auch für unsere Mitarbeiter. Hier geht es schnell voran, und es gibt viel Raum, etwas zu bewegen. Wir wachsen und entwickeln uns täglich weiter und suchen Menschen, die bereit sind, sich einzubringen und die Art und Weise, wie wir arbeiten, mitzugestalten. Wenn du einen Job suchst, in dem du wachsen und etwas bewirken kannst, dann bist du bei  FlixTrain genau richtig. Hier kannst du Teil eines Teams werden, in dem dein Beitrag zählt und du deine Reise selbst gestalten kannst! Find more English Speaking Jobs in Germany on Arbeitnow",False,[],[],arbeitnow,
"Senior Global Integrated B2B Marketing Manager, Wolt for Work",Wolt - English,"Berlin, Berlin, Germany",https://www.arbeitnow.com/jobs/companies/wolt-english/senior-global-integrated-b2b-marketing-manager-wolt-for-work-berlin-399057,26-05-24,"About Wolt At Wolt, we create technology that brings joy, simplicity and earnings to the neighborhoods of the world. In 2014 we started with delivery of restaurant food. Now we're building the delivery of (almost) everything and you'll find us in over 500 cities in 30 countries around the world. In 2022 we joined forces with DoorDash and together we keep on dreaming big and expanding across the globe. Working at Wolt isn't always easy, but it's definitely exciting. Here you'll learn more, build more, and ship more than in most other companies. You'll be challenged a lot, but also have a lot of fun on the way. So, if you're a self-starter with drive and entrepreneurial spirit, this could be the ride of your life. As the Senior Global Integrated B2B Marketing Manager for Wolt for Work , you will own the end-to-end marketing direction for one of Wolt's most strategic B2B business units. You will act as the marketing lead for Wolt for Work, responsible for turning business goals into clear priorities, strong narratives, and focused go-to-market execution across markets. What you'll be doing This role is about direction, judgment, and orchestration. You will work with specialized B2B marketing functions such as product marketing, content, paid, lifecycle, events, creative, brand, and PR, who own craft and execution. Your job is to make sense of it all, ask the hard questions, challenge assumptions, and ensure everything ladders up to one cohesive strategy that drives growth. You will operate as a senior, trusted partner to product and commercial leaders, leading through influence rather than people management, and acting as a force multiplier for the entire marketing organization. Day-to-day in this role, you'll: Own the global integrated marketing strategy and initiative roadmap for Wolt for Work, aligned with business, product, sales, and regional priorities Act as the main marketing lead for the Wolt for Work business unit, partnering closely with global and local product and commercial stakeholders Translate business goals into clear, focused 360-degree marketing plans across the funnel Bring together product marketing, content, paid, lifecycle, events, brand, creative, and PR into cohesive GTM programs, while functions own execution Own selected global and market-level initiatives end-to-end, from problem definition to delivery and impact measurement Define priorities and make clear tradeoffs to ensure focus on the highest-impact opportunities Shape the Wolt for Work narrative in the market, including brand positioning, key messages, and external storytelling Define and track success metrics across awareness, adoption, and revenue, turning performance into clear insights and recommendations Manage allocated campaign budgets with accountability for impact and ROI Identify gaps, missed opportunities, and risks early, and actively push for better focus, quality, and outcomes Drive alignment and momentum across teams and senior stakeholders without direct authority Our humble expectations Proven experience owning integrated B2B marketing in a complex, fast-moving, or multi-market environment Strong cross-functional marketing background, with hands-on understanding of demand generation, product marketing, lifecycle, content, and brand, even if you did not specialize in all of them Strategic and commercial mindset, comfortable owning direction, prioritization, and outcomes Confidence to challenge, ask tough questions, and push for clarity while remaining collaborative and constructive Ability to create structure and focus in ambiguous or loosely defined situations Demonstrated ability to lead through influence and build trust with senior stakeholders Strong analytical skills, including defining KPIs and using data to guide decisions Clear, confident communicator who can align teams around a shared direction Fluent (C2-level) in both German and English. Experience in SaaS, platforms, or multi-product B2B businesses is a strong plus What we offer The opportunity to build something meaningful and global, surrounded by kind and ambitious people. A chance to shape how Wolt's B2B products reach and impact businesses across markets. Lots of learning, growth, and ownership in a high-growth tech environment. Competitive salary and benefits, including eligibility for our long-term incentive plan. A genuinely supportive culture that values diversity, curiosity, and getting better every day. Next steps If this sounds like the challenge you've been looking for, we'd love to hear from you! Submit your application, and our Talent Acquisition Partner will be in touch. Our hiring process typically includes: An introductory chat with our TA team. A conversation with the Hiring Manager and the team. A practical task or case study (for relevant roles). Final interviews with the wider team. We review applications on a rolling basis — so apply today! Our Commitment to Diversity and Inclusion We're committed to growing and empowering a more inclusive community within our company, industry, and cities. That's why we hire and cultivate diverse teams of people from all backgrounds, experiences, and perspectives. We believe that true innovation happens when everyone has room at the table and the tools, resources, and opportunity to excel. Find Jobs in Germany on Arbeitnow",False,[],[],arbeitnow,Excel
Senior Product Designer,Wolt - English,"Berlin, Berlin, Germany",https://www.arbeitnow.com/jobs/companies/wolt-english/senior-product-designer-berlin-313710,26-05-24,"About Wolt At Wolt, we create technology that brings joy, simplicity and earnings to the neighborhoods of the world. In 2014 we started with delivery of restaurant food. Now we're building the delivery of (almost) everything and you'll find us in over 500 cities in 30 countries around the world. In 2022 we joined forces with DoorDash and together we keep on dreaming big and expanding across the globe. Working at Wolt isn't always easy, but it's definitely exciting. Here you'll learn more, build more, and ship more than in most other companies. You'll be challenged a lot, but also have a lot of fun on the way. So, if you're a self-starter with drive and entrepreneurial spirit, this could be the ride of your life. We're hiring Senior Product Designers at Wolt Design across several exciting product areas: Consumer – You'll shape the core experience that millions of users rely on daily to discover, order, and enjoy their favorite meals and essentials—delivering delight at every tap. Merchant – You'll build tools that help local businesses succeed on the Wolt platform, from order management to insights and growth levers—empowering merchants at scale. Courier – You'll design experiences for the people who make Wolt run—our courier partners. From onboarding to daily logistics, your work will help make every delivery seamless. Central – You'll create the systems, platforms, and tools that power Wolt behind the scenes—unlocking scale, speed, and smarter decisions across the company. Each team offers a chance to tackle unique design challenges with real-world impact. 📍The roles are based in our tech hub in Berlin or Stockholm. You're excited about this opportunity because: You care deeply about creating experiences that empower businesses and improve everyday life for merchants, couriers, and consumers. You lead with empathy , always designing with the user in mind. You thrive in complex, ambiguous problem spaces—and enjoy bringing structure, clarity, and direction. You hold a high bar for your craft, from concept to pixel—creating designs that are scalable, thoughtful, and beautiful . What you'll be doing: Turn ambiguity into clarity. You'll bring strong framing and product thinking to shape undefined problems into compelling design opportunities. Bring ideas to life beautifully. You'll design intuitive interfaces and interactions that are both delightful and highly usable. Prototype to inspire. Through prototyping, storytelling, and systems thinking, you'll align teams and build momentum—ensuring your work not only ships, but resonates. Own the full design stack. From strategy and exploration to refined visuals, you'll lead high-impact initiatives from start to finish. Who you are: We'd love to work with you if: You have 6+ years of experience designing consumer, B2B, or SaaS products—building elegant, business-savvy solutions in complex environments. You're a T-shaped designer with deep strengths in concepting , visual design and prototyping , able to drive high-quality outcomes in a collaborative, cross-functional team. You think in systems , not just screens—comfortable designing across diverse journeys and touchpoints. You're a creative problem-solver , excited by ambiguity and energized by complex design challenges. You're open to feedback —comfortable sharing early, learning fast, and evolving ideas with your team. You're a strong communicator and natural storyteller , able to align stakeholders, build empathy, and drive design-led decisions. What's next: As a next step, we'd love to see your portfolio to better understand your design approach and impact. We're especially interested in work that shows strong visual craft , attention to detail , and real results . One well-structured Figma file with your best, recent work is more valuable to us than multiple outdated case studies — products move fast, and relevance matters. If you have high-fidelity prototypes or motion work , even better. We're excited to see how you think and build. Please read this article for more info on how to build your folio! https://www.youtube.com/watch?v=P4gfa-m4SfM Our Commitment to Diversity and Inclusion We're committed to growing and empowering a more inclusive community within our company, industry, and cities. That's why we hire and cultivate diverse teams of people from all backgrounds, experiences, and perspectives. We believe that true innovation happens when everyone has room at the table and the tools, resources, and opportunity to excel. Find Jobs in Germany on Arbeitnow",False,[],[],arbeitnow,Excel
Werkstudent für KI-gestützte Immobilienprozesse,Element Immobilien GmbH,Unterföhring,https://www.arbeitnow.com/jobs/companies/element-immobilien-gmbh/werkstudent-fur-ki-gestutzte-immobilienprozesse-unterfohring-129060,26-05-24,"Du bist auf der Suche nach einer spannenden Werkstudentenstelle im Bereich KI und Immobilien? Willkommen bei Element Immobilien GmbH! Wir sind ein kleines, dynamisches Team mit Sitz in Unterföhring, spezialisiert auf nachhaltige Wohnimmobilienentwicklung in Bayern. Unsere Mission ist es, den urbanen Lebensraum durch innovative Revitalisierung und smarte Grundrissoptimierung zu verbessern. Bei uns hast du die Chance, an der Schnittstelle von Technologie und Immobilienwirtschaft zu arbeiten, indem du KI-gestützte Prozesse entwickelst, die unsere Projekte noch effizienter und zukunftsorientierter machen. Wenn du neugierig, engagiert und bereit bist, Verantwortung zu übernehmen, dann könnte dies die perfekte Gelegenheit für dich sein, um zu wachsen und deine Fähigkeiten einzubringen. Werde Teil unserer Reise, um die Städte von morgen lebenswert zu gestalten! Aufgaben Unterstützung bei der Entwicklung und Implementierung von KI-Lösungen zur Optimierung von Immobilienprozessen. Analyse und Digitalisierung interner Unternehmensprozesse mit Fokus auf Effizienzsteigerung Aufbau einer modernen IT- und Softwareinfrastruktur für die Immobilienverwaltung Zusammenarbeit mit dem Team zur Verbesserung unserer strategischen Vermietungskonzepte durch KI-gestützte Ansätze. Integration von CRM-, ERP- und KI-Systemen in bestehende Prozesse Qualifikation Erste Erfahrungen mit KI-Tools wie ChatGPT oder ähnlichen Automatisierungsplattformen Interesse an künstlicher Intelligenz und deren Anwendung im Immobilienbereich. Gute analytische Fähigkeiten und Spaß am Umgang mit Daten. Kommunikationsstärke sowie Fähigkeit, Prozesse gemeinsam im Team weiterzuentwickeln Hohe Lernbereitschaft und Motivation, neue Technologien in der Praxis umzusetzen Benefits Offene Unternehmenskultur mit enger Zusammenarbeit und persönlicher Unterstützung Junges, dynamisches Team mit direktem Austausch und kurzen Entscheidungswegen Möglichkeit, eigene Ideen und Prozesse eigenständig umzusetzen Zugang zu bürointernem Fitnessstudio / Sportangeboten Zugang zu Wellpass (Fitness- und Sportangebote) Hochwertige Arbeitsausstattung (Apple MacBook) Schnelle Lernkurve durch abwechslungsreiche Projekte an der Schnittstelle von Immobilien, IT und KI Kostenloses Essen und Getränke im Büro Komm zu uns als Werkstudent für KI-gestützte Immobilienprozesse! Gestalte mit uns die Zukunft der Wohnimmobilien in Bayern und sammle wertvolle Erfahrungen in einem kleinen, dynamischen Team. Find Jobs in Germany on Arbeitnow",False,['Process Management'],"['Working student', 'hilfstätigkeit / student']",arbeitnow,Git
Senior Android Engineer - Mobile Platform,SumUp,"Cologne, North Rhine-Westphalia, Germany",https://www.arbeitnow.com/jobs/companies/sumup/senior-android-engineer-mobile-platform-cologne-467965,26-05-23,"About the team: As a Senior Android Engineer in the Mobile Platform Squad, you'll be part of the backbone of Mobile Engineering at SumUp. Your team is responsible for creating and maintaining the development environment that enables Mobile Developers to ship high-quality products efficiently. You'll also provide help and guidance to SumUppers interacting with our mobile apps. Our engineering culture is autonomous and driven by collaboration and innovation. You'll connect with mobile engineers across the organization as your initiatives are far-reaching. The squad focuses on: Maintaining CI/CD pipelines for mobile projects. Building tools and infrastructure to enhance the developer experience. Supporting and improving the codebase across SumUp's mobile apps. Driving long-term technical impact at scale across the company. What you'll do: Shape the core experience of merchants and developers interacting with SumUp's Android ecosystem. Develop and maintain tools, frameworks, and infrastructure that enhance the consistency, scalability, and reliability of our mobile apps. Collaborate with cross-functional teams, including product, design, and backend, to deliver seamless experiences. Work on CI/CD systems, developer tooling, and performance optimizations to streamline mobile development processes. Mentor team members and provide technical guidance across projects. Maintain a high bar for engineering excellence and continually raise it by introducing new technologies and best practices. Own technical projects from idea to implementation, ensuring they align with business needs and technical standards. You'll be great for this position if you have: 5+ years of professional Android development experience, with expertise in Kotlin and modern Android frameworks. Experienced in CI/CD pipelines, with tools like Github Actions, Fastlane, or similar platforms. A deep understanding of testing methodologies and best practices, including writing unit and UI tests. Experienced with modern architecture and design patterns. You're passionate about developer experience, creating tools, and improving workflows for engineers. Strong collaboration skills and enjoy mentoring and guiding other engineers. Experience with modularized codebases, building and maintaining internal tooling, or SDK development is a plus. Nice to have: Experience providing modules/SDKs to be used by other Mobile Engineers Experience with Fastlane and Ruby Experience Kotlin Multiplatform Why you should join SumUp: 🌍 Opportunity to work with SumUppers globally on large-scale fintech products used by millions of businesses worldwide, from our Cologne office. This involves an office-first setup 🧑‍🔬 We take learning and experimentation seriously with Hack Days every second Friday, and entire global Hack Weeks . 🌈 Commitment to Diversity and Inclusion: Be part of a workplace that values and promotes diversity, fostering an inclusive environment where everyone's perspectives are respected and embraced 📚 A dedicated annual L&D budget of €2,000 for attending conferences and/or advancing your career through further education 🚀 Enrolment onto our VSOP program: You will own a stake in SumUp's future success 💶 A corporate pension scheme where we match up to 20% of your contributions 🔄 30 Days Sabbatical: Enjoy the unique opportunity to take a well-deserved break with our 30 days sabbatical benefit after completing 3 years of employment with SumUp 🔗 Referral Bonus: Earn additional rewards by referring talented individuals to join the SumUp team 🚵🏾‍♂️ Numerous other benefits such as Urban Sports Club subsidy, Kita placement assistance, relocation assistance, subsidised office lunches SumUp is an Equal Employment Opportunity employer that proudly pursues and hires a diverse workforce. SumUp does not make hiring or employment decisions on the basis of race, colour, religion or religious belief, ethnic or national origin, nationality, sex, gender, gender identity, sexual orientation, disability, age or any other basis protected by applicable laws or prohibited by Company policy. SumUp also strives for a healthy and safe workplace and strictly prohibits harassment of any kind. About us: Be empowered to do more that matters. At SumUp, we're on a mission to empower small businesses across the globe by providing simple and affordable tools that allow them to thrive. Today, over 4 million businesses in 36 markets rely on SumUp as their financial partner to manage payments, finance and customer relationships. Our commitment to small businesses is reflected in our diverse team of over 3,000 SumUppers from over 90 nationalities, united by global collaboration and an innovative mindset. Our core values lay the foundation for who we are and what we stand for, shaping our work culture and driving our success. We foster inclusivity and a continuous learning culture, providing a safe space for personal and professional growth. Our differences make us unique and strong as we strive to create an environment where everyone belongs and feels supported, no matter how they identify. SumUp is proud to be an Equal Employment Opportunity employer, actively seeking and embracing diversity in our workforce. We don't make hiring or employment decisions based on race, colour, religion or religious belief, ethnic or national origin, nationality, sex, gender, gender identity, sexual orientation, disability, age or any other basis protected by applicable laws or prohibited by company policy. Our commitment extends beyond recruitment to creating a safe and respectful workplace where harassment of any form is strictly prohibited. Explore career opportunities with us and join a team driven by collaboration, innovation, and a shared vision of creating a world where everyone can build a thriving business. Discover more about our vibrant and inclusive work culture and how we work on our careers website , and follow our journey on LinkedIn and Instagram . Job Application Tip We recognise that candidates feel they need to meet 100% of the job criteria in order to apply for a job. Please note that this is only a guide. If you don't tick every box, it's ok too because it means you have room to learn and develop your career at SumUp. Find Jobs in Germany on Arbeitnow",False,[],[],arbeitnow,Excel | API | AWS | Git | GitHub
Steuerfachangestellter / Steuerfachwirt / Bilanzbuchhalter / Trainee Steuerberatung (m/w/d),SBC Steuerberater Rechtsanwälte GbR,Bad Homburg,https://www.arbeitnow.com/jobs/companies/sbc-steuerberater-rechtsanwalte-gbr/steuerfachangestellter-steuerfachwirt-bilanzbuchhalter-trainee-steuerberatung-bad-homburg-409207,26-05-23,"Partnerschaft auf Augenhöhe. Wir stellen uns vor. Seit nunmehr 20 Jahren stellen wir an unseren beiden Standorten in Bad Homburg und Darmstadt einen verlässlichen Partner dar – für unsere breitgefächerte Mandantschaft und allen voran für unser loyales, knapp 30-köpfiges Team. Wir sind der festen Überzeugung, dass Mitarbeiterzufriedenheit mit unserem Kanzleierfolg einhergeht, und geben unser Bestes, dies auch beizubehalten. Denn ein gutes Betriebsklima zu gewährleisten, liegt vor allem in der Hand der Kanzleiführung. Herausforderungen im Kollektiv anzugehen ist nicht nur förderlich für das Wohlbefinden innerhalb unserer heiligen Hallen – es ist auch noch die perfekte Grundlage für eine vielversprechende Karriere, bei der wir Dich selbstverständlich unterstützen werden. Aufgaben So vielfältig wie das Steuerrecht. Dein Aufgabengebiet. Wie ein klassischer Tag bei SBC aussieht? Das hängt ganz von Dir ab! Denn Deinen individuellen Tätigkeitsbereich erstellen wir, natürlich in enger Abstimmung mit Dir, basierend auf Deinen Interessen, Talenten und Fähigkeiten. Und da jeder Mensch seine eigenen Stärken (und Schwächen) hat, gestaltet sich Dein Arbeitsalltag ganz nach Deinem Geschmack. Unter anderem erwarten Dich folgende Aufgaben: Eigenverantwortliche Betreuung unserer Mandanten Finanzbuchhaltung Erstellen von Steuererklärungen und Jahresabschlüssen Bearbeitung steuerlicher Fragestellungen Vorbereitung und Begleitung von Betriebsprüfungen Kommunikation mit Mandanten Weitere Tätigkeiten, die Dir Spaß bereiten Qualifikation Wir bringen Dich weiter. Und Du bringst ein paar Dinge mit. Wir sind innerhalb der Branche für eine oft langjährige Zusammenarbeit bekannt – mit Mitarbeitern und Mandanten. Dies ist ein Indikator dafür, dass sich das Team und die Mandantschaft bei uns wohlfühlen und auch in beruflicher Hinsicht zufrieden mit unserer Kanzlei sind. Eine ausgeprägte Teamfähigkeit und eine verlässliche, strukturierte Arbeitsweise sind daher nicht verhandelbar. Zudem legst Du folgende Eigenschaften an den Tag: Ausbildung zum Steuerfachangestellten, Steuerfachwirt oder Bilanzbuchhalter (alle m/w/d) Gute Kenntnisse in MS-Office und DATEV Im Optimalfall 2 Jahre Berufserfahrung Digitalisierung ist für Dich der nötige Fortschritt Veränderungen gegenüber bist Du aufgeschlossen Benefits Wer etwas will, muss auch etwas zu bieten haben. Und das haben wir! Obstkörbe und Gratis-Kaffee sind zwar schön, aber sicherlich nicht der entscheidende Faktor, wenn es um die Zufriedenheit des Teams geht. Um einen attraktiven Arbeitgeber darzustellen, bedarf es spürbarer Benefits und Annehmlichkeiten, die sowohl das Berufs- als auch das Privatleben positiv beeinflussen und Dir den Alltag erleichtern. Dazu gehört beispielsweise, dass der Zusammenhalt und ein angenehmes Miteinander über dem Umsatz stehen sollten – Mitarbeiter, die schlechte Stimmung verbreiten und ihre Ellbogen ausfahren, haben keinen Platz in unserer Mitte. Da gehen wir keine Kompromisse ein. Außerdem erwarten Dich: Flexible Arbeitszeiten und Modelle, inklusive Home-Office: Uns ist wichtig, dass die Qualität Deiner Arbeit stimmt – wann und wo Du diese erbringst, spielt eher eine sekundäre Rolle. Work-Life-Balance: Arbeit ist wichtig, jedoch nicht das Wichtigste im Leben. Um Berufs- und Privatleben optimal unter einen Hut zu bekommen, bedarf es der Unterstützung Deines Arbeitgebers – auf uns kannst Du zählen. Team-Events: Nur eine Weihnachtsfeier und das war’s wieder für ein Jahr? Nicht bei uns – regelmäßige ausgefallene Veranstaltungen wie Städtetrips, Krimi-Dinner, Ski-Ausflüge und andere gemeinsame Happy Hours wie Restaurantbesuche sorgen dafür, dass es auch neben dem Kanzleialltag nie langweilig wird. Fort- und Weiterbildungsangebote inkl. eigener Mentor: Man kann Fachkräfte einkaufen – oder auf die eigenen Talente setzen. Durch weitreichende Fortbildungsangebote helfen wir Dir, die Karriereleiter nach oben zu klettern. Ob nun durch unsere substanzielle und finanzielle Unterstützung - oder einem persönlichen Mentor, der Dir stets zur Seite steht. Offene Kultur: In unserer Kanzlei wirst Du offene Türen, flache Hierarchien, kurze Kommunikations- und Entscheidungswege und eine wertschätzende Duz-Kultur vorfinden. Ein fachlicher Austausch mit den Berufsträgern ist nicht nur jederzeit möglich, sondern wird auch gern gesehen. Weitere Annehmlichkeiten: Kanzleieigene Parkplätze, monatliche Sachbezüge in Höhe von 50 € und eine betriebliche Altersvorsorge gestalten Deinen Alltag angenehmer – beruflich und privat! Was darf’s sonst noch sein? Wie schon bemerkt, sind alle Menschen verschieden. Wenn Dir etwas auf dem Herzen liegt, dass Du gerne in unserem Benefit-Portfolio aufnehmen willst, sag uns einfach Bescheid. Wir können über alles reden: E-Bike? Firmenhandy? Lass es uns wissen! Der Ball liegt nun bei Dir. Nein, das ist keine Dating-Plattform, fühlt sich aber fast so an. Wenn Dir gefällt, was Du liest, kannst Du Dich innerhalb weniger Minuten bei uns bewerben – vielleicht wird es ja DAS perfekte Match? Wir freuen uns auf Dich Find Jobs in Germany on Arbeitnow",False,"['Training', 'Development']",['hilfstätigkeit / student'],arbeitnow,Git
Steuerfachangestellter / Steuerfachwirt / Bilanzbuchhalter / Trainee Steuerberatung (m/w/d),SBC Steuerberater Rechtsanwälte GbR,Darmstadt,https://www.arbeitnow.com/jobs/companies/sbc-steuerberater-rechtsanwalte-gbr/steuerfachangestellter-steuerfachwirt-bilanzbuchhalter-trainee-steuerberatung-darmstadt-210194,26-05-23,"Partnerschaft auf Augenhöhe. Wir stellen uns vor. Seit nunmehr 20 Jahren stellen wir an unseren beiden Standorten in Bad Homburg und Darmstadt einen verlässlichen Partner dar – für unsere breitgefächerte Mandantschaft und allen voran für unser loyales, knapp 30-köpfiges Team. Wir sind der festen Überzeugung, dass Mitarbeiterzufriedenheit mit unserem Kanzleierfolg einhergeht, und geben unser Bestes, dies auch beizubehalten. Denn ein gutes Betriebsklima zu gewährleisten, liegt vor allem in der Hand der Kanzleiführung. Herausforderungen im Kollektiv anzugehen ist nicht nur förderlich für das Wohlbefinden innerhalb unserer heiligen Hallen – es ist auch noch die perfekte Grundlage für eine vielversprechende Karriere, bei der wir Dich selbstverständlich unterstützen werden. Aufgaben So vielfältig wie das Steuerrecht. Dein Aufgabengebiet. Wie ein klassischer Tag bei SBC aussieht? Das hängt ganz von Dir ab! Denn Deinen individuellen Tätigkeitsbereich erstellen wir, natürlich in enger Abstimmung mit Dir, basierend auf Deinen Interessen, Talenten und Fähigkeiten. Und da jeder Mensch seine eigenen Stärken (und Schwächen) hat, gestaltet sich Dein Arbeitsalltag ganz nach Deinem Geschmack. Unter anderem erwarten Dich folgende Aufgaben: Eigenverantwortliche Betreuung unserer Mandanten Finanzbuchhaltung Erstellen von Steuererklärungen und Jahresabschlüssen Bearbeitung steuerlicher Fragestellungen Vorbereitung und Begleitung von Betriebsprüfungen Kommunikation mit Mandanten Weitere Tätigkeiten, die Dir Spaß bereiten Qualifikation Wir bringen Dich weiter. Und Du bringst ein paar Dinge mit. Wir sind innerhalb der Branche für eine oft langjährige Zusammenarbeit bekannt – mit Mitarbeitern und Mandanten. Dies ist ein Indikator dafür, dass sich das Team und die Mandantschaft bei uns wohlfühlen und auch in beruflicher Hinsicht zufrieden mit unserer Kanzlei sind. Eine ausgeprägte Teamfähigkeit und eine verlässliche, strukturierte Arbeitsweise sind daher nicht verhandelbar. Zudem legst Du folgende Eigenschaften an den Tag: Ausbildung zum Steuerfachangestellten, Steuerfachwirt oder Bilanzbuchhalter (alle m/w/d) Gute Kenntnisse in MS-Office und DATEV Im Optimalfall 2 Jahre Berufserfahrung Digitalisierung ist für Dich der nötige Fortschritt Veränderungen gegenüber bist Du aufgeschlossen Benefits Wer etwas will, muss auch etwas zu bieten haben. Und das haben wir! Obstkörbe und Gratis-Kaffee sind zwar schön, aber sicherlich nicht der entscheidende Faktor, wenn es um die Zufriedenheit des Teams geht. Um einen attraktiven Arbeitgeber darzustellen, bedarf es spürbarer Benefits und Annehmlichkeiten, die sowohl das Berufs- als auch das Privatleben positiv beeinflussen und Dir den Alltag erleichtern. Dazu gehört beispielsweise, dass der Zusammenhalt und ein angenehmes Miteinander über dem Umsatz stehen sollten – Mitarbeiter, die schlechte Stimmung verbreiten und ihre Ellbogen ausfahren, haben keinen Platz in unserer Mitte. Da gehen wir keine Kompromisse ein. Außerdem erwarten Dich: Flexible Arbeitszeiten und Modelle, inklusive Home-Office: Uns ist wichtig, dass die Qualität Deiner Arbeit stimmt – wann und wo Du diese erbringst, spielt eher eine sekundäre Rolle. Work-Life-Balance: Arbeit ist wichtig, jedoch nicht das Wichtigste im Leben. Um Berufs- und Privatleben optimal unter einen Hut zu bekommen, bedarf es der Unterstützung Deines Arbeitgebers – auf uns kannst Du zählen. Team-Events: Nur eine Weihnachtsfeier und das war’s wieder für ein Jahr? Nicht bei uns – regelmäßige ausgefallene Veranstaltungen wie Städtetrips, Krimi-Dinner, Ski-Ausflüge und andere gemeinsame Happy Hours wie Restaurantbesuche sorgen dafür, dass es auch neben dem Kanzleialltag nie langweilig wird. Fort- und Weiterbildungsangebote inkl. eigener Mentor: Man kann Fachkräfte einkaufen – oder auf die eigenen Talente setzen. Durch weitreichende Fortbildungsangebote helfen wir Dir, die Karriereleiter nach oben zu klettern. Ob nun durch unsere substanzielle und finanzielle Unterstützung - oder einem persönlichen Mentor, der Dir stets zur Seite steht. Offene Kultur: In unserer Kanzlei wirst Du offene Türen, flache Hierarchien, kurze Kommunikations- und Entscheidungswege und eine wertschätzende Duz-Kultur vorfinden. Ein fachlicher Austausch mit den Berufsträgern ist nicht nur jederzeit möglich, sondern wird auch gern gesehen. Weitere Annehmlichkeiten: Kanzleieigene Parkplätze, monatliche Sachbezüge in Höhe von 50 € und eine betriebliche Altersvorsorge gestalten Deinen Alltag angenehmer – beruflich und privat! Was darf’s sonst noch sein? Wie schon bemerkt, sind alle Menschen verschieden. Wenn Dir etwas auf dem Herzen liegt, dass Du gerne in unserem Benefit-Portfolio aufnehmen willst, sag uns einfach Bescheid. Wir können über alles reden: E-Bike? Firmenhandy? Lass es uns wissen! Der Ball liegt nun bei Dir. Nein, das ist keine Dating-Plattform, fühlt sich aber fast so an. Wenn Dir gefällt, was Du liest, kannst Du Dich innerhalb weniger Minuten bei uns bewerben – vielleicht wird es ja DAS perfekte Match? Wir freuen uns auf Dich Find more English Speaking Jobs in Germany on Arbeitnow",False,"['Training', 'Development']",['hilfstätigkeit / student'],arbeitnow,Git
Computer Vision Engineer (m/w/d),Cerpro GmbH,Berlin,https://www.arbeitnow.com/jobs/companies/cerpro-gmbh/computer-vision-engineer-berlin-256033,26-05-23,"ABOUT CERPRO CERPRO develops AI-based software for the manufacturing industry. Our technology simplifies complex processes, such as the creation of inspection reports, and raises quality standards in production to a new level. In doing so, we help companies work more efficiently and remain competitive in the long term. Backed by international investors and early customers, we are scaling our solution from Germany into the global market. Tasks YOUR MISSION AT CERPRO Technical drawings are the backbone of the manufacturing industry and at the same time one of the toughest nuts to crack in computer vision: dense layouts, tiny text, hundreds of symbols per sheet, scanned legacy stock alongside clean vector PDFs. This is exactly where you come in. As a Computer Vision Engineer, you build the models that turn these drawings into usable data: dimensions, tolerances, GD&T, surface specifications, welding symbols, bills of materials. You work at the heart of our produc and help decide how far our automation can go. YOUR RESPONSIBILITIES Models for technical drawings: You develop and train models for detection, classification, and segmentation of the elements on technical drawings, from individual dimension entries to GD&T symbols to complete title blocks and bills of materials. OCR for the technical context: You build robust OCR pipelines that handle the peculiarities of technical drawings: special characters, rotated text, low resolutions, scanned originals, mixed fonts, and safety-critical dimensions where every digit counts. Document understanding & layout: You work on models that understand the structure of a drawing, which annotation belongs to which dimension, which view shows which surface, where the title block ends and the bill of materials begins. For this, you use modern Document-AI approaches and vision-language models. Data strategy & annotation: You help decide which data we need, how we collect and annotate it, and where synthetic data can meaningfully extend our training set. You work closely with our annotators and define guidelines. Evaluation & iteration: You define meaningful metrics, build evaluation pipelines, and ensure that we improve model quality not just subjectively but measurably. You systematically analyze failure cases and derive the next training cycles from them. Deployment & performance: Together with the engineering team, you bring your models into production: latency, cost, and stability are just as important to you as accuracy. Where needed, you optimize models with quantization or ONNX/TensorRT. Collaboration within the ML team: You work closely with the rest of the ML team on hybrid approaches in which vision models and rule-based evaluation go hand in hand. Requirements WHAT YOU BRING Several years of experience in computer vision and deep learning, ideally in a production environment. Strong command of Python and one of the common DL frameworks (PyTorch preferred). Practical experience with object detection, segmentation, and/or OCR, including training, evaluation, and deployment of your own models. Familiarity with modern architectures (e.g. DETR, YOLO variants, SAM, LayoutLM, Donut) and a sense of when which approach fits. Experience working with documents (PDFs, scans) is a clear plus, experience with technical drawings, plans, or engineering documents is an even bigger one. Structured, results-oriented way of working, you don't just build models, you bring them into production. Basic understanding of MLOps topics: versioning, reproducibility, monitoring of models in live operation. Business-fluent German or English skills. Benefits WHY CERPRO? Vision: We aim to transform how an entire industry works worldwide. From day one, you’ll be part of this mission and share in our commitment to give everything to achieve it. Team Spirit: Team spirit matters to us, and we make it visible through a strong recognition culture where we regularly celebrate both big and small wins together. Ownership: You’re encouraged to take ownership from day one. In a flat hierarchy and high-trust environment, you’ll be empowered to make meaningful decisions and drive real impact. Learning & Growth: We invest in your personal and professional development through a strong feedback culture, helping you unlock your full potential. AI Enablement: Our internal tools and workflows are AI-enabled by design. Every team member receives support to apply AI in daily work, including your own Claude Code or Cursor license. Tech & Tooling: You’ll receive a new computer (Mac or Windows) and everything else you need, from hardware to tools, to be effective in your daily work. Recharge: To ensure proper rest, we offer 30 vacation days per year (based on a 5-day week), plus December 24th off and all local public holidays. THE APPLICATION PROCESS We want your candidate experience with us to be smooth, transparent, and enjoyable. We aim to get back to you regarding your application within 5 business days. Our interview process typically takes about 4 weeks from start to finish, though this may vary by role. If you need adjustments or flexibility at any stage, please don’t hesitate to let us know, we’ll do our best to make it work for you. Find Jobs in Germany on Arbeitnow",False,"['Data Processing', 'Data Engineer']",['professional / experienced'],arbeitnow,Python | Automation | Git
Trainee (m/w/d),ad publica Public Relations GmbH,Hamburg,https://www.arbeitnow.com/jobs/companies/ad-publica-public-relations-gmbh/trainee-hamburg-164285,26-05-24,"ad publica ist die Agentur für PR, Influencer Relations und Social Media. Wir orchestrieren alle Disziplinen mit ausgezeichneter Expertise und Kreativität. Getrieben von starken Inhalten, Trends und Daten kreieren wir Strategien, die Sichtbarkeit erwirken. So schaffen wir mit maßgeschneidertem Content Öffentlichkeit, wo sie wirkt – über alle Kanäle und Disziplinen hinweg. Als inhabergeführte Agentur mit Sitz in Hamburg legen wir Wert auf persönlichen Kontakt. Mit unserem internationalen Netzwerk ECCO betreuen wir Brands im globalen Kontext. Zu unseren Kunden zählen weltweit bekannte Marken genauso wie trendige Nischenmarken. Zur Verstärkung unseres Teams und für das weitere Wachstum unserer Agentur suchen wir dich als Trainee (m/w/d). Du bist offen und neugierig, arbeitest gerne im Team und bist ein kommunikativer Mensch? Du hast eine Hands-On-Mentalität? Dann bist du bei uns genau richtig! Aufgaben Auf- und Ausbau unseres Influencer- und Creator-Marketings Recherche, Ansprache, Auswahl & Betreuung geeigneter Influencer:innen und Multiplikator:innen Umsetzung von Influencer-Kampagnen (Paid), inkl. Erstansprache, Koordination, Vertrags- und Briefingprozess, Sample-Versand, Content-Abnahmen Erstellung von Texten (Pressetexte, Gewinnspieltexte, Advertorials) Erstellung von Medienmonitorings, regelmäßigen PR-Reports Unterstützung bei der Bearbeitung von Medienanfragen sowie Abstimmung von Statements und Informationsmaterialien Organisation & Begleitung von Events & Content Produktionen Brainstormings und Ideenfindung für unsere Kunden Qualifikation Einen Studien-Abschluss oder eine vergleichbare Ausbildung Affinität zu Trends und Innovationen insbesondere aus den Bereichen Lifestyle, Food, Beverages und Living Sicherer Umgang mit den gängigen Social-Media-Plattformen sowie Gespür für aktuelle Trends und digitale Themen Erste Praxiserfahrungen im Umgang mit Influencern, Social-Media-Kampagnen (in Form von Praktika oder als Freelancer) Mündliche und schriftliche Ausdrucksstärke Eine schnelle Auffassungsgabe und Organisationstalent Selbstständigkeit sowie die Fähigkeit, Themen proaktiv voranzutreiben Leidenschaft, Motivation & Teamgeist Kontaktstärke, Kreativität und Flexibilität Fließende Kenntnisse der englischen Sprache in Wort und Schrift, da wir viele internationale Kunden haben Benefits Selbstständige und vielseitige Aufgaben in einem innovativen Umfeld Eigenverantwortung und kreative Freiheiten – bei uns darf jede:r mitgestalten Spannende und abwechslungsreiche Projekte und Kunden Gute Karriereperspektiven und Weiterbildungsmöglichkeiten Flache Hierarchien mit einem Mix aus erfahrenen Kolleg:innen und jungen Talenten Eine vertrauensvolle und sehr offene Firmenkultur und das beste Team! Work-Life-Balance durch hybrides Arbeiten, flexible Arbeitszeiten und Sabbaticals, Freiraum für Weiterbildung & Networking Regelmäßige Agentur-Get-togethers H2O-Flatrate und Kaffee in Barista-Qualität – bei uns findest du übrigens auch vegane Milchalternativen im Kühlschrank! Zuschuss zum Jobticket Reputation, Baby! Schließlich wurden wir von der Business Punk als eine der Top PR-Agenturen ausgezeichnet Wir freuen uns auf deine Bewerbung an: ad publica Public Relations GmbH Karolina Krawiec Poßmoorweg 1 22301 Hamburg Tel.: 040–317 66 300 www.adpublica.com E-Mail: Find more English Speaking Jobs in Germany on Arbeitnow",False,"['Public Relations', 'Corporate Communication']",['berufseinstieg'],arbeitnow,Git
"Steuerberater (m/w/d) in Leese, auf Wunsch mit Partnerperspektive, gesucht - mindestens 90.000€",Taxtalente.de,Leese,https://www.arbeitnow.com/jobs/companies/taxtalentede/steuerberater-in-leese-auf-wunsch-mit-partnerperspektive-gesucht-mindestens-90000eur-478397,26-05-23,"TaxTalente ist die Nr. 1 Job-Matching Plattform für Jobsuchende in der Steuerberatung. Sie suchen eine positive berufliche Veränderung? Sie möchten den nächsten Schritt in Ihrer Karriere gehen und streben möglicherweise sogar eine Partnerschaft in einer zukunftsorientierten Kanzlei an? Sie möchten endlich wieder in einem positiven Arbeitsumfeld arbeiten, in dem Sie finanziell und persönlich wertgeschätzt werden? Sie suchen nach Tätigkeiten, die Sie auch wirklich weiterbringen? Sofern Sie sich in mindestens einem der genannten Punkte wiederfinden, sollten Sie sich bei uns melden. Wir haben die attraktivsten Arbeitgeber der Steuerberatungsbranche in unserem Netzwerk und bringen zusammen, was zusammengehört. Grenzenlose Entwicklungschancen mit Partnermöglichkeiten, vielschichtige Tätigkeitsbereiche, Gehälter wie in der Industrie und vieles mehr – melden Sie sich bei uns und wir unterstützen Sie auf Ihrem weiteren Karriereweg! Derzeit suchen wir nach einem Steuerberater (m/w/d) für eine unserer Partner-Kanzleien in Leese Bei Rückfragen kannst du dich gerne jederzeit (auch nach deinem Feierabend) direkt telefonisch an Herrn Becker-Koch über folgende Nummer wenden: 015901431130 Aufgaben Wir bringen zusammen, was zusammengehört. Dabei spielt das passende Tätigkeitsprofil natürlich eine entscheidende Rolle. Bei unserer Partnerkanzlei können Sie sich Ihren Aufgabenbereich auf Basis Ihrer persönlichen Stärken und Schwächen selbst zusammenstellen. Erstellung und Review von Jahresabschlüssen Erstellung von Steuererklärungen für Personen- und Kapitalgesellschaften Steuerliche Sonderberatungsprojekte auf Basis individueller Qualifikationen B. in den Bereichen der Erbschaftsteuer oder des Umwandlungssteuerrechts Begleitung von Betriebsprüfungen Teamleitung und Personalverantwortung (optional) Weitere individuell wählbare Tätigkeitsbereiche , die Ihnen Freude bringen Qualifikation Am Ende sollte es für beide Seiten passen. Deshalb wäre es gut, wenn Sie sich in den folgenden Punkten wiederfinden. Kommunikative Art und Freude am Austausch mit Mandanten Sorgfältige , effiziente und gewissenhafte Arbeitsweise Offen für eine digitale Arbeitsweise Führungsverständnis und Verantwortungsbewusstsein gegenüber Mitarbeitern (optional) Ein erfolgreich abgeschlossenes Steuerberaterexamen Leidenschaft für steuerliche Themen Benefits Sie haben genug von 0815 Benefits, von denen Sie nicht wirklich profitieren? Dann sollten Sie einen Blick auf die nachfolgenden Benefits werfen. Außerordentliche Vergütung von 90.000 € bis 130.000 € / Jahr, auf Wunsch auch Partnerperspektive Flexible Gestaltung der Arbeitszeiten sowie die Option auf Home-Office Nettolohnoptimierung mit monatlichen 50,00€ Sachbezugsgutscheinen Umfangreiche Unterstützung bei Weiterbildungsmaßnahmen wie z.B. Fachberater Qualifikationen Modernste Ausstattung mit digitalen Prozessen Starker Teamzusammenhalt und regelmäßige Teamevents Schnell, unkompliziert und effizient Ihren Traumjob finden – ein Versprechen an Sie, dass wir aufgrund unseres selektiven, breit gefächerten und deutschlandweiten Kanzleinetzwerks halten werden. lhre Vorteile mit uns auf einen Blick: Sie führen keine unsinnigen Bewerbungsgespräche mehr, bei denen Sie während des Bewerbungsprozesses merken, dass es (bspw. wegen des Gehalts) sowieso nicht passt - wir klären vor Ihrem Bewerbungsgespräch all Ihre mit uns besprochenen Kriterien mit der Kanzlei ab. Wir führen Ihre Gehaltsverhandlungen und kennen die Gehaltsstrukturen der Branche dabei bestens. 100% Anonymität – solange Sie uns nicht das „Go“ geben und einem Kennenlernen mit Ihrem neuen potentiellen Arbeitgeber zustimmen, erfährt niemand von Ihrem Namen oder Ihren bisherigen Arbeitgebern – Ihre Ihnen wichtigen Kriterien können wir auch zunächst anonym mit unseren Partnerkanzleien klären. Attraktive Kanzleien – die Kanzleien in unserem breit gefächerten Kanzleinetzwerk sind selektiv ausgewählt und heben sich klar von “normalen” Kanzleien ab (z.B. hinsichtlich der Vergütung, Benefits, Hierarchien, Digitalisierungsgrad, Ausstattung etc.). Und das Beste: Unser gesamter Service ist unverbindlich und völlig kostenfrei für Sie. Find Jobs in Germany on Arbeitnow",False,"['Directors', 'Chief Executives']",[],arbeitnow,API | Git
"Steuerberater (m/w/d) in Flacht, auf Wunsch mit Partnerperspektive, gesucht - mindestens 90.000€",Taxtalente.de,Flacht,https://www.arbeitnow.com/jobs/companies/taxtalentede/steuerberater-in-flacht-auf-wunsch-mit-partnerperspektive-gesucht-mindestens-90000eur-363710,26-05-23,"TaxTalente ist die Nr. 1 Job-Matching Plattform für Jobsuchende in der Steuerberatung. Sie suchen eine positive berufliche Veränderung? Sie möchten den nächsten Schritt in Ihrer Karriere gehen und streben möglicherweise sogar eine Partnerschaft in einer zukunftsorientierten Kanzlei an? Sie möchten endlich wieder in einem positiven Arbeitsumfeld arbeiten, in dem Sie finanziell und persönlich wertgeschätzt werden? Sie suchen nach Tätigkeiten, die Sie auch wirklich weiterbringen? Sofern Sie sich in mindestens einem der genannten Punkte wiederfinden, sollten Sie sich bei uns melden. Wir haben die attraktivsten Arbeitgeber der Steuerberatungsbranche in unserem Netzwerk und bringen zusammen, was zusammengehört. Grenzenlose Entwicklungschancen mit Partnermöglichkeiten, vielschichtige Tätigkeitsbereiche, Gehälter wie in der Industrie und vieles mehr – melden Sie sich bei uns und wir unterstützen Sie auf Ihrem weiteren Karriereweg! Derzeit suchen wir nach einem Steuerberater (m/w/d) für eine unserer Partner-Kanzleien in Flacht Bei Rückfragen kannst du dich gerne jederzeit (auch nach deinem Feierabend) direkt telefonisch an Herrn Becker-Koch über folgende Nummer wenden: 015901431130 Aufgaben Wir bringen zusammen, was zusammengehört. Dabei spielt das passende Tätigkeitsprofil natürlich eine entscheidende Rolle. Bei unserer Partnerkanzlei können Sie sich Ihren Aufgabenbereich auf Basis Ihrer persönlichen Stärken und Schwächen selbst zusammenstellen. Erstellung und Review von Jahresabschlüssen Erstellung von Steuererklärungen für Personen- und Kapitalgesellschaften Steuerliche Sonderberatungsprojekte auf Basis individueller Qualifikationen B. in den Bereichen der Erbschaftsteuer oder des Umwandlungssteuerrechts Begleitung von Betriebsprüfungen Teamleitung und Personalverantwortung (optional) Weitere individuell wählbare Tätigkeitsbereiche , die Ihnen Freude bringen Qualifikation Am Ende sollte es für beide Seiten passen. Deshalb wäre es gut, wenn Sie sich in den folgenden Punkten wiederfinden. Kommunikative Art und Freude am Austausch mit Mandanten Sorgfältige , effiziente und gewissenhafte Arbeitsweise Offen für eine digitale Arbeitsweise Führungsverständnis und Verantwortungsbewusstsein gegenüber Mitarbeitern (optional) Ein erfolgreich abgeschlossenes Steuerberaterexamen Leidenschaft für steuerliche Themen Benefits Sie haben genug von 0815 Benefits, von denen Sie nicht wirklich profitieren? Dann sollten Sie einen Blick auf die nachfolgenden Benefits werfen. Außerordentliche Vergütung von 90.000 € bis 130.000 € / Jahr, auf Wunsch auch Partnerperspektive Flexible Gestaltung der Arbeitszeiten sowie die Option auf Home-Office Nettolohnoptimierung mit monatlichen 50,00€ Sachbezugsgutscheinen Umfangreiche Unterstützung bei Weiterbildungsmaßnahmen wie z.B. Fachberater Qualifikationen Modernste Ausstattung mit digitalen Prozessen Starker Teamzusammenhalt und regelmäßige Teamevents Schnell, unkompliziert und effizient Ihren Traumjob finden – ein Versprechen an Sie, dass wir aufgrund unseres selektiven, breit gefächerten und deutschlandweiten Kanzleinetzwerks halten werden. lhre Vorteile mit uns auf einen Blick: Sie führen keine unsinnigen Bewerbungsgespräche mehr, bei denen Sie während des Bewerbungsprozesses merken, dass es (bspw. wegen des Gehalts) sowieso nicht passt - wir klären vor Ihrem Bewerbungsgespräch all Ihre mit uns besprochenen Kriterien mit der Kanzlei ab. Wir führen Ihre Gehaltsverhandlungen und kennen die Gehaltsstrukturen der Branche dabei bestens. 100% Anonymität – solange Sie uns nicht das „Go“ geben und einem Kennenlernen mit Ihrem neuen potentiellen Arbeitgeber zustimmen, erfährt niemand von Ihrem Namen oder Ihren bisherigen Arbeitgebern – Ihre Ihnen wichtigen Kriterien können wir auch zunächst anonym mit unseren Partnerkanzleien klären. Attraktive Kanzleien – die Kanzleien in unserem breit gefächerten Kanzleinetzwerk sind selektiv ausgewählt und heben sich klar von “normalen” Kanzleien ab (z.B. hinsichtlich der Vergütung, Benefits, Hierarchien, Digitalisierungsgrad, Ausstattung etc.). Und das Beste: Unser gesamter Service ist unverbindlich und völlig kostenfrei für Sie. Find more English Speaking Jobs in Germany on Arbeitnow",False,"['Directors', 'Chief Executives']",[],arbeitnow,API | Git
"Steuerberater (m/w/d) in Blankenheim, auf Wunsch mit Partnerperspektive, gesucht - mindestens 90.000€",Taxtalente.de,Blankenheim,https://www.arbeitnow.com/jobs/companies/taxtalentede/steuerberater-in-blankenheim-auf-wunsch-mit-partnerperspektive-gesucht-mindestens-90000eur-209463,26-05-23,"TaxTalente ist die Nr. 1 Job-Matching Plattform für Jobsuchende in der Steuerberatung. Sie suchen eine positive berufliche Veränderung? Sie möchten den nächsten Schritt in Ihrer Karriere gehen und streben möglicherweise sogar eine Partnerschaft in einer zukunftsorientierten Kanzlei an? Sie möchten endlich wieder in einem positiven Arbeitsumfeld arbeiten, in dem Sie finanziell und persönlich wertgeschätzt werden? Sie suchen nach Tätigkeiten, die Sie auch wirklich weiterbringen? Sofern Sie sich in mindestens einem der genannten Punkte wiederfinden, sollten Sie sich bei uns melden. Wir haben die attraktivsten Arbeitgeber der Steuerberatungsbranche in unserem Netzwerk und bringen zusammen, was zusammengehört. Grenzenlose Entwicklungschancen mit Partnermöglichkeiten, vielschichtige Tätigkeitsbereiche, Gehälter wie in der Industrie und vieles mehr – melden Sie sich bei uns und wir unterstützen Sie auf Ihrem weiteren Karriereweg! Derzeit suchen wir nach einem Steuerberater (m/w/d) für eine unserer Partner-Kanzleien in Blankenheim Bei Rückfragen kannst du dich gerne jederzeit (auch nach deinem Feierabend) direkt telefonisch an Herrn Becker-Koch über folgende Nummer wenden: 015901431130 Aufgaben Wir bringen zusammen, was zusammengehört. Dabei spielt das passende Tätigkeitsprofil natürlich eine entscheidende Rolle. Bei unserer Partnerkanzlei können Sie sich Ihren Aufgabenbereich auf Basis Ihrer persönlichen Stärken und Schwächen selbst zusammenstellen. Erstellung und Review von Jahresabschlüssen Erstellung von Steuererklärungen für Personen- und Kapitalgesellschaften Steuerliche Sonderberatungsprojekte auf Basis individueller Qualifikationen B. in den Bereichen der Erbschaftsteuer oder des Umwandlungssteuerrechts Begleitung von Betriebsprüfungen Teamleitung und Personalverantwortung (optional) Weitere individuell wählbare Tätigkeitsbereiche , die Ihnen Freude bringen Qualifikation Am Ende sollte es für beide Seiten passen. Deshalb wäre es gut, wenn Sie sich in den folgenden Punkten wiederfinden. Kommunikative Art und Freude am Austausch mit Mandanten Sorgfältige , effiziente und gewissenhafte Arbeitsweise Offen für eine digitale Arbeitsweise Führungsverständnis und Verantwortungsbewusstsein gegenüber Mitarbeitern (optional) Ein erfolgreich abgeschlossenes Steuerberaterexamen Leidenschaft für steuerliche Themen Benefits Sie haben genug von 0815 Benefits, von denen Sie nicht wirklich profitieren? Dann sollten Sie einen Blick auf die nachfolgenden Benefits werfen. Außerordentliche Vergütung von 90.000 € bis 130.000 € / Jahr, auf Wunsch auch Partnerperspektive Flexible Gestaltung der Arbeitszeiten sowie die Option auf Home-Office Nettolohnoptimierung mit monatlichen 50,00€ Sachbezugsgutscheinen Umfangreiche Unterstützung bei Weiterbildungsmaßnahmen wie z.B. Fachberater Qualifikationen Modernste Ausstattung mit digitalen Prozessen Starker Teamzusammenhalt und regelmäßige Teamevents Schnell, unkompliziert und effizient Ihren Traumjob finden – ein Versprechen an Sie, dass wir aufgrund unseres selektiven, breit gefächerten und deutschlandweiten Kanzleinetzwerks halten werden. lhre Vorteile mit uns auf einen Blick: Sie führen keine unsinnigen Bewerbungsgespräche mehr, bei denen Sie während des Bewerbungsprozesses merken, dass es (bspw. wegen des Gehalts) sowieso nicht passt - wir klären vor Ihrem Bewerbungsgespräch all Ihre mit uns besprochenen Kriterien mit der Kanzlei ab. Wir führen Ihre Gehaltsverhandlungen und kennen die Gehaltsstrukturen der Branche dabei bestens. 100% Anonymität – solange Sie uns nicht das „Go“ geben und einem Kennenlernen mit Ihrem neuen potentiellen Arbeitgeber zustimmen, erfährt niemand von Ihrem Namen oder Ihren bisherigen Arbeitgebern – Ihre Ihnen wichtigen Kriterien können wir auch zunächst anonym mit unseren Partnerkanzleien klären. Attraktive Kanzleien – die Kanzleien in unserem breit gefächerten Kanzleinetzwerk sind selektiv ausgewählt und heben sich klar von “normalen” Kanzleien ab (z.B. hinsichtlich der Vergütung, Benefits, Hierarchien, Digitalisierungsgrad, Ausstattung etc.). Und das Beste: Unser gesamter Service ist unverbindlich und völlig kostenfrei für Sie. Find more English Speaking Jobs in Germany on Arbeitnow",False,"['Directors', 'Chief Executives']",[],arbeitnow,API | Git
"Steuerberater (m/w/d) in Bermatingen, auf Wunsch mit Partnerperspektive, gesucht - mindestens 90.000€",Taxtalente.de,Bermatingen,https://www.arbeitnow.com/jobs/companies/taxtalentede/steuerberater-in-bermatingen-auf-wunsch-mit-partnerperspektive-gesucht-mindestens-90000eur-148820,26-05-23,"TaxTalente ist die Nr. 1 Job-Matching Plattform für Jobsuchende in der Steuerberatung. Sie suchen eine positive berufliche Veränderung? Sie möchten den nächsten Schritt in Ihrer Karriere gehen und streben möglicherweise sogar eine Partnerschaft in einer zukunftsorientierten Kanzlei an? Sie möchten endlich wieder in einem positiven Arbeitsumfeld arbeiten, in dem Sie finanziell und persönlich wertgeschätzt werden? Sie suchen nach Tätigkeiten, die Sie auch wirklich weiterbringen? Sofern Sie sich in mindestens einem der genannten Punkte wiederfinden, sollten Sie sich bei uns melden. Wir haben die attraktivsten Arbeitgeber der Steuerberatungsbranche in unserem Netzwerk und bringen zusammen, was zusammengehört. Grenzenlose Entwicklungschancen mit Partnermöglichkeiten, vielschichtige Tätigkeitsbereiche, Gehälter wie in der Industrie und vieles mehr – melden Sie sich bei uns und wir unterstützen Sie auf Ihrem weiteren Karriereweg! Derzeit suchen wir nach einem Steuerberater (m/w/d) für eine unserer Partner-Kanzleien in Bermatingen Bei Rückfragen kannst du dich gerne jederzeit (auch nach deinem Feierabend) direkt telefonisch an Herrn Becker-Koch über folgende Nummer wenden: 015901431130 Aufgaben Wir bringen zusammen, was zusammengehört. Dabei spielt das passende Tätigkeitsprofil natürlich eine entscheidende Rolle. Bei unserer Partnerkanzlei können Sie sich Ihren Aufgabenbereich auf Basis Ihrer persönlichen Stärken und Schwächen selbst zusammenstellen. Erstellung und Review von Jahresabschlüssen Erstellung von Steuererklärungen für Personen- und Kapitalgesellschaften Steuerliche Sonderberatungsprojekte auf Basis individueller Qualifikationen B. in den Bereichen der Erbschaftsteuer oder des Umwandlungssteuerrechts Begleitung von Betriebsprüfungen Teamleitung und Personalverantwortung (optional) Weitere individuell wählbare Tätigkeitsbereiche , die Ihnen Freude bringen Qualifikation Am Ende sollte es für beide Seiten passen. Deshalb wäre es gut, wenn Sie sich in den folgenden Punkten wiederfinden. Kommunikative Art und Freude am Austausch mit Mandanten Sorgfältige , effiziente und gewissenhafte Arbeitsweise Offen für eine digitale Arbeitsweise Führungsverständnis und Verantwortungsbewusstsein gegenüber Mitarbeitern (optional) Ein erfolgreich abgeschlossenes Steuerberaterexamen Leidenschaft für steuerliche Themen Benefits Sie haben genug von 0815 Benefits, von denen Sie nicht wirklich profitieren? Dann sollten Sie einen Blick auf die nachfolgenden Benefits werfen. Außerordentliche Vergütung von 90.000 € bis 130.000 € / Jahr, auf Wunsch auch Partnerperspektive Flexible Gestaltung der Arbeitszeiten sowie die Option auf Home-Office Nettolohnoptimierung mit monatlichen 50,00€ Sachbezugsgutscheinen Umfangreiche Unterstützung bei Weiterbildungsmaßnahmen wie z.B. Fachberater Qualifikationen Modernste Ausstattung mit digitalen Prozessen Starker Teamzusammenhalt und regelmäßige Teamevents Schnell, unkompliziert und effizient Ihren Traumjob finden – ein Versprechen an Sie, dass wir aufgrund unseres selektiven, breit gefächerten und deutschlandweiten Kanzleinetzwerks halten werden. lhre Vorteile mit uns auf einen Blick: Sie führen keine unsinnigen Bewerbungsgespräche mehr, bei denen Sie während des Bewerbungsprozesses merken, dass es (bspw. wegen des Gehalts) sowieso nicht passt - wir klären vor Ihrem Bewerbungsgespräch all Ihre mit uns besprochenen Kriterien mit der Kanzlei ab. Wir führen Ihre Gehaltsverhandlungen und kennen die Gehaltsstrukturen der Branche dabei bestens. 100% Anonymität – solange Sie uns nicht das „Go“ geben und einem Kennenlernen mit Ihrem neuen potentiellen Arbeitgeber zustimmen, erfährt niemand von Ihrem Namen oder Ihren bisherigen Arbeitgebern – Ihre Ihnen wichtigen Kriterien können wir auch zunächst anonym mit unseren Partnerkanzleien klären. Attraktive Kanzleien – die Kanzleien in unserem breit gefächerten Kanzleinetzwerk sind selektiv ausgewählt und heben sich klar von “normalen” Kanzleien ab (z.B. hinsichtlich der Vergütung, Benefits, Hierarchien, Digitalisierungsgrad, Ausstattung etc.). Und das Beste: Unser gesamter Service ist unverbindlich und völlig kostenfrei für Sie. Find Jobs in Germany on Arbeitnow",False,"['Directors', 'Chief Executives']",[],arbeitnow,API | Git
"Steuerberater (m/w/d) in Vetschau, auf Wunsch mit Partnerperspektive, gesucht - mindestens 90.000€",Taxtalente.de,Vetschau,https://www.arbeitnow.com/jobs/companies/taxtalentede/steuerberater-in-vetschau-auf-wunsch-mit-partnerperspektive-gesucht-mindestens-90000eur-265915,26-05-23,"TaxTalente ist die Nr. 1 Job-Matching Plattform für Jobsuchende in der Steuerberatung. Sie suchen eine positive berufliche Veränderung? Sie möchten den nächsten Schritt in Ihrer Karriere gehen und streben möglicherweise sogar eine Partnerschaft in einer zukunftsorientierten Kanzlei an? Sie möchten endlich wieder in einem positiven Arbeitsumfeld arbeiten, in dem Sie finanziell und persönlich wertgeschätzt werden? Sie suchen nach Tätigkeiten, die Sie auch wirklich weiterbringen? Sofern Sie sich in mindestens einem der genannten Punkte wiederfinden, sollten Sie sich bei uns melden. Wir haben die attraktivsten Arbeitgeber der Steuerberatungsbranche in unserem Netzwerk und bringen zusammen, was zusammengehört. Grenzenlose Entwicklungschancen mit Partnermöglichkeiten, vielschichtige Tätigkeitsbereiche, Gehälter wie in der Industrie und vieles mehr – melden Sie sich bei uns und wir unterstützen Sie auf Ihrem weiteren Karriereweg! Derzeit suchen wir nach einem Steuerberater (m/w/d) für eine unserer Partner-Kanzleien in Vetschau Bei Rückfragen kannst du dich gerne jederzeit (auch nach deinem Feierabend) direkt telefonisch an Herrn Becker-Koch über folgende Nummer wenden: 015901431130 Aufgaben Wir bringen zusammen, was zusammengehört. Dabei spielt das passende Tätigkeitsprofil natürlich eine entscheidende Rolle. Bei unserer Partnerkanzlei können Sie sich Ihren Aufgabenbereich auf Basis Ihrer persönlichen Stärken und Schwächen selbst zusammenstellen. Erstellung und Review von Jahresabschlüssen Erstellung von Steuererklärungen für Personen- und Kapitalgesellschaften Steuerliche Sonderberatungsprojekte auf Basis individueller Qualifikationen B. in den Bereichen der Erbschaftsteuer oder des Umwandlungssteuerrechts Begleitung von Betriebsprüfungen Teamleitung und Personalverantwortung (optional) Weitere individuell wählbare Tätigkeitsbereiche , die Ihnen Freude bringen Qualifikation Am Ende sollte es für beide Seiten passen. Deshalb wäre es gut, wenn Sie sich in den folgenden Punkten wiederfinden. Kommunikative Art und Freude am Austausch mit Mandanten Sorgfältige , effiziente und gewissenhafte Arbeitsweise Offen für eine digitale Arbeitsweise Führungsverständnis und Verantwortungsbewusstsein gegenüber Mitarbeitern (optional) Ein erfolgreich abgeschlossenes Steuerberaterexamen Leidenschaft für steuerliche Themen Benefits Sie haben genug von 0815 Benefits, von denen Sie nicht wirklich profitieren? Dann sollten Sie einen Blick auf die nachfolgenden Benefits werfen. Außerordentliche Vergütung von 90.000 € bis 130.000 € / Jahr, auf Wunsch auch Partnerperspektive Flexible Gestaltung der Arbeitszeiten sowie die Option auf Home-Office Nettolohnoptimierung mit monatlichen 50,00€ Sachbezugsgutscheinen Umfangreiche Unterstützung bei Weiterbildungsmaßnahmen wie z.B. Fachberater Qualifikationen Modernste Ausstattung mit digitalen Prozessen Starker Teamzusammenhalt und regelmäßige Teamevents Schnell, unkompliziert und effizient Ihren Traumjob finden – ein Versprechen an Sie, dass wir aufgrund unseres selektiven, breit gefächerten und deutschlandweiten Kanzleinetzwerks halten werden. lhre Vorteile mit uns auf einen Blick: Sie führen keine unsinnigen Bewerbungsgespräche mehr, bei denen Sie während des Bewerbungsprozesses merken, dass es (bspw. wegen des Gehalts) sowieso nicht passt - wir klären vor Ihrem Bewerbungsgespräch all Ihre mit uns besprochenen Kriterien mit der Kanzlei ab. Wir führen Ihre Gehaltsverhandlungen und kennen die Gehaltsstrukturen der Branche dabei bestens. 100% Anonymität – solange Sie uns nicht das „Go“ geben und einem Kennenlernen mit Ihrem neuen potentiellen Arbeitgeber zustimmen, erfährt niemand von Ihrem Namen oder Ihren bisherigen Arbeitgebern – Ihre Ihnen wichtigen Kriterien können wir auch zunächst anonym mit unseren Partnerkanzleien klären. Attraktive Kanzleien – die Kanzleien in unserem breit gefächerten Kanzleinetzwerk sind selektiv ausgewählt und heben sich klar von “normalen” Kanzleien ab (z.B. hinsichtlich der Vergütung, Benefits, Hierarchien, Digitalisierungsgrad, Ausstattung etc.). Und das Beste: Unser gesamter Service ist unverbindlich und völlig kostenfrei für Sie. Find more English Speaking Jobs in Germany on Arbeitnow",False,"['Directors', 'Chief Executives']",[],arbeitnow,API | Git
"Steuerberater (m/w/d) in Lindau, auf Wunsch mit Partnerperspektive, gesucht - mindestens 90.000€",Taxtalente.de,Lindau,https://www.arbeitnow.com/jobs/companies/taxtalentede/steuerberater-in-lindau-auf-wunsch-mit-partnerperspektive-gesucht-mindestens-90000eur-383231,26-05-23,"TaxTalente ist die Nr. 1 Job-Matching Plattform für Jobsuchende in der Steuerberatung. Sie suchen eine positive berufliche Veränderung? Sie möchten den nächsten Schritt in Ihrer Karriere gehen und streben möglicherweise sogar eine Partnerschaft in einer zukunftsorientierten Kanzlei an? Sie möchten endlich wieder in einem positiven Arbeitsumfeld arbeiten, in dem Sie finanziell und persönlich wertgeschätzt werden? Sie suchen nach Tätigkeiten, die Sie auch wirklich weiterbringen? Sofern Sie sich in mindestens einem der genannten Punkte wiederfinden, sollten Sie sich bei uns melden. Wir haben die attraktivsten Arbeitgeber der Steuerberatungsbranche in unserem Netzwerk und bringen zusammen, was zusammengehört. Grenzenlose Entwicklungschancen mit Partnermöglichkeiten, vielschichtige Tätigkeitsbereiche, Gehälter wie in der Industrie und vieles mehr – melden Sie sich bei uns und wir unterstützen Sie auf Ihrem weiteren Karriereweg! Derzeit suchen wir nach einem Steuerberater (m/w/d) für eine unserer Partner-Kanzleien in Lindau Bei Rückfragen kannst du dich gerne jederzeit (auch nach deinem Feierabend) direkt telefonisch an Herrn Becker-Koch über folgende Nummer wenden: 015901431130 Aufgaben Wir bringen zusammen, was zusammengehört. Dabei spielt das passende Tätigkeitsprofil natürlich eine entscheidende Rolle. Bei unserer Partnerkanzlei können Sie sich Ihren Aufgabenbereich auf Basis Ihrer persönlichen Stärken und Schwächen selbst zusammenstellen. Erstellung und Review von Jahresabschlüssen Erstellung von Steuererklärungen für Personen- und Kapitalgesellschaften Steuerliche Sonderberatungsprojekte auf Basis individueller Qualifikationen B. in den Bereichen der Erbschaftsteuer oder des Umwandlungssteuerrechts Begleitung von Betriebsprüfungen Teamleitung und Personalverantwortung (optional) Weitere individuell wählbare Tätigkeitsbereiche , die Ihnen Freude bringen Qualifikation Am Ende sollte es für beide Seiten passen. Deshalb wäre es gut, wenn Sie sich in den folgenden Punkten wiederfinden. Kommunikative Art und Freude am Austausch mit Mandanten Sorgfältige , effiziente und gewissenhafte Arbeitsweise Offen für eine digitale Arbeitsweise Führungsverständnis und Verantwortungsbewusstsein gegenüber Mitarbeitern (optional) Ein erfolgreich abgeschlossenes Steuerberaterexamen Leidenschaft für steuerliche Themen Benefits Sie haben genug von 0815 Benefits, von denen Sie nicht wirklich profitieren? Dann sollten Sie einen Blick auf die nachfolgenden Benefits werfen. Außerordentliche Vergütung von 90.000 € bis 130.000 € / Jahr, auf Wunsch auch Partnerperspektive Flexible Gestaltung der Arbeitszeiten sowie die Option auf Home-Office Nettolohnoptimierung mit monatlichen 50,00€ Sachbezugsgutscheinen Umfangreiche Unterstützung bei Weiterbildungsmaßnahmen wie z.B. Fachberater Qualifikationen Modernste Ausstattung mit digitalen Prozessen Starker Teamzusammenhalt und regelmäßige Teamevents Schnell, unkompliziert und effizient Ihren Traumjob finden – ein Versprechen an Sie, dass wir aufgrund unseres selektiven, breit gefächerten und deutschlandweiten Kanzleinetzwerks halten werden. lhre Vorteile mit uns auf einen Blick: Sie führen keine unsinnigen Bewerbungsgespräche mehr, bei denen Sie während des Bewerbungsprozesses merken, dass es (bspw. wegen des Gehalts) sowieso nicht passt - wir klären vor Ihrem Bewerbungsgespräch all Ihre mit uns besprochenen Kriterien mit der Kanzlei ab. Wir führen Ihre Gehaltsverhandlungen und kennen die Gehaltsstrukturen der Branche dabei bestens. 100% Anonymität – solange Sie uns nicht das „Go“ geben und einem Kennenlernen mit Ihrem neuen potentiellen Arbeitgeber zustimmen, erfährt niemand von Ihrem Namen oder Ihren bisherigen Arbeitgebern – Ihre Ihnen wichtigen Kriterien können wir auch zunächst anonym mit unseren Partnerkanzleien klären. Attraktive Kanzleien – die Kanzleien in unserem breit gefächerten Kanzleinetzwerk sind selektiv ausgewählt und heben sich klar von “normalen” Kanzleien ab (z.B. hinsichtlich der Vergütung, Benefits, Hierarchien, Digitalisierungsgrad, Ausstattung etc.). Und das Beste: Unser gesamter Service ist unverbindlich und völlig kostenfrei für Sie. Find more English Speaking Jobs in Germany on Arbeitnow",False,"['Directors', 'Chief Executives']",[],arbeitnow,API | Git
"Steuerberater (m/w/d) in Fellbach, auf Wunsch mit Partnerperspektive, gesucht - mindestens 90.000€",Taxtalente.de,Fellbach,https://www.arbeitnow.com/jobs/companies/taxtalentede/steuerberater-in-fellbach-auf-wunsch-mit-partnerperspektive-gesucht-mindestens-90000eur-193472,26-05-23,"TaxTalente ist die Nr. 1 Job-Matching Plattform für Jobsuchende in der Steuerberatung. Sie suchen eine positive berufliche Veränderung? Sie möchten den nächsten Schritt in Ihrer Karriere gehen und streben möglicherweise sogar eine Partnerschaft in einer zukunftsorientierten Kanzlei an? Sie möchten endlich wieder in einem positiven Arbeitsumfeld arbeiten, in dem Sie finanziell und persönlich wertgeschätzt werden? Sie suchen nach Tätigkeiten, die Sie auch wirklich weiterbringen? Sofern Sie sich in mindestens einem der genannten Punkte wiederfinden, sollten Sie sich bei uns melden. Wir haben die attraktivsten Arbeitgeber der Steuerberatungsbranche in unserem Netzwerk und bringen zusammen, was zusammengehört. Grenzenlose Entwicklungschancen mit Partnermöglichkeiten, vielschichtige Tätigkeitsbereiche, Gehälter wie in der Industrie und vieles mehr – melden Sie sich bei uns und wir unterstützen Sie auf Ihrem weiteren Karriereweg! Derzeit suchen wir nach einem Steuerberater (m/w/d) für eine unserer Partner-Kanzleien in Fellbach Bei Rückfragen kannst du dich gerne jederzeit (auch nach deinem Feierabend) direkt telefonisch an Herrn Becker-Koch über folgende Nummer wenden: 015901431130 Aufgaben Wir bringen zusammen, was zusammengehört. Dabei spielt das passende Tätigkeitsprofil natürlich eine entscheidende Rolle. Bei unserer Partnerkanzlei können Sie sich Ihren Aufgabenbereich auf Basis Ihrer persönlichen Stärken und Schwächen selbst zusammenstellen. Erstellung und Review von Jahresabschlüssen Erstellung von Steuererklärungen für Personen- und Kapitalgesellschaften Steuerliche Sonderberatungsprojekte auf Basis individueller Qualifikationen B. in den Bereichen der Erbschaftsteuer oder des Umwandlungssteuerrechts Begleitung von Betriebsprüfungen Teamleitung und Personalverantwortung (optional) Weitere individuell wählbare Tätigkeitsbereiche , die Ihnen Freude bringen Qualifikation Am Ende sollte es für beide Seiten passen. Deshalb wäre es gut, wenn Sie sich in den folgenden Punkten wiederfinden. Kommunikative Art und Freude am Austausch mit Mandanten Sorgfältige , effiziente und gewissenhafte Arbeitsweise Offen für eine digitale Arbeitsweise Führungsverständnis und Verantwortungsbewusstsein gegenüber Mitarbeitern (optional) Ein erfolgreich abgeschlossenes Steuerberaterexamen Leidenschaft für steuerliche Themen Benefits Sie haben genug von 0815 Benefits, von denen Sie nicht wirklich profitieren? Dann sollten Sie einen Blick auf die nachfolgenden Benefits werfen. Außerordentliche Vergütung von 90.000 € bis 130.000 € / Jahr, auf Wunsch auch Partnerperspektive Flexible Gestaltung der Arbeitszeiten sowie die Option auf Home-Office Nettolohnoptimierung mit monatlichen 50,00€ Sachbezugsgutscheinen Umfangreiche Unterstützung bei Weiterbildungsmaßnahmen wie z.B. Fachberater Qualifikationen Modernste Ausstattung mit digitalen Prozessen Starker Teamzusammenhalt und regelmäßige Teamevents Schnell, unkompliziert und effizient Ihren Traumjob finden – ein Versprechen an Sie, dass wir aufgrund unseres selektiven, breit gefächerten und deutschlandweiten Kanzleinetzwerks halten werden. lhre Vorteile mit uns auf einen Blick: Sie führen keine unsinnigen Bewerbungsgespräche mehr, bei denen Sie während des Bewerbungsprozesses merken, dass es (bspw. wegen des Gehalts) sowieso nicht passt - wir klären vor Ihrem Bewerbungsgespräch all Ihre mit uns besprochenen Kriterien mit der Kanzlei ab. Wir führen Ihre Gehaltsverhandlungen und kennen die Gehaltsstrukturen der Branche dabei bestens. 100% Anonymität – solange Sie uns nicht das „Go“ geben und einem Kennenlernen mit Ihrem neuen potentiellen Arbeitgeber zustimmen, erfährt niemand von Ihrem Namen oder Ihren bisherigen Arbeitgebern – Ihre Ihnen wichtigen Kriterien können wir auch zunächst anonym mit unseren Partnerkanzleien klären. Attraktive Kanzleien – die Kanzleien in unserem breit gefächerten Kanzleinetzwerk sind selektiv ausgewählt und heben sich klar von “normalen” Kanzleien ab (z.B. hinsichtlich der Vergütung, Benefits, Hierarchien, Digitalisierungsgrad, Ausstattung etc.). Und das Beste: Unser gesamter Service ist unverbindlich und völlig kostenfrei für Sie. Find Jobs in Germany on Arbeitnow",False,"['Directors', 'Chief Executives']",[],arbeitnow,API | Git
"Steuerberater (m/w/d) in Kamenz, auf Wunsch mit Partnerperspektive, gesucht - mindestens 90.000€",Taxtalente.de,Kamenz,https://www.arbeitnow.com/jobs/companies/taxtalentede/steuerberater-in-kamenz-auf-wunsch-mit-partnerperspektive-gesucht-mindestens-90000eur-279813,26-05-23,"TaxTalente ist die Nr. 1 Job-Matching Plattform für Jobsuchende in der Steuerberatung. Sie suchen eine positive berufliche Veränderung? Sie möchten den nächsten Schritt in Ihrer Karriere gehen und streben möglicherweise sogar eine Partnerschaft in einer zukunftsorientierten Kanzlei an? Sie möchten endlich wieder in einem positiven Arbeitsumfeld arbeiten, in dem Sie finanziell und persönlich wertgeschätzt werden? Sie suchen nach Tätigkeiten, die Sie auch wirklich weiterbringen? Sofern Sie sich in mindestens einem der genannten Punkte wiederfinden, sollten Sie sich bei uns melden. Wir haben die attraktivsten Arbeitgeber der Steuerberatungsbranche in unserem Netzwerk und bringen zusammen, was zusammengehört. Grenzenlose Entwicklungschancen mit Partnermöglichkeiten, vielschichtige Tätigkeitsbereiche, Gehälter wie in der Industrie und vieles mehr – melden Sie sich bei uns und wir unterstützen Sie auf Ihrem weiteren Karriereweg! Derzeit suchen wir nach einem Steuerberater (m/w/d) für eine unserer Partner-Kanzleien in Kamenz Bei Rückfragen kannst du dich gerne jederzeit (auch nach deinem Feierabend) direkt telefonisch an Herrn Becker-Koch über folgende Nummer wenden: 015901431130 Aufgaben Wir bringen zusammen, was zusammengehört. Dabei spielt das passende Tätigkeitsprofil natürlich eine entscheidende Rolle. Bei unserer Partnerkanzlei können Sie sich Ihren Aufgabenbereich auf Basis Ihrer persönlichen Stärken und Schwächen selbst zusammenstellen. Erstellung und Review von Jahresabschlüssen Erstellung von Steuererklärungen für Personen- und Kapitalgesellschaften Steuerliche Sonderberatungsprojekte auf Basis individueller Qualifikationen B. in den Bereichen der Erbschaftsteuer oder des Umwandlungssteuerrechts Begleitung von Betriebsprüfungen Teamleitung und Personalverantwortung (optional) Weitere individuell wählbare Tätigkeitsbereiche , die Ihnen Freude bringen Qualifikation Am Ende sollte es für beide Seiten passen. Deshalb wäre es gut, wenn Sie sich in den folgenden Punkten wiederfinden. Kommunikative Art und Freude am Austausch mit Mandanten Sorgfältige , effiziente und gewissenhafte Arbeitsweise Offen für eine digitale Arbeitsweise Führungsverständnis und Verantwortungsbewusstsein gegenüber Mitarbeitern (optional) Ein erfolgreich abgeschlossenes Steuerberaterexamen Leidenschaft für steuerliche Themen Benefits Sie haben genug von 0815 Benefits, von denen Sie nicht wirklich profitieren? Dann sollten Sie einen Blick auf die nachfolgenden Benefits werfen. Außerordentliche Vergütung von 90.000 € bis 130.000 € / Jahr, auf Wunsch auch Partnerperspektive Flexible Gestaltung der Arbeitszeiten sowie die Option auf Home-Office Nettolohnoptimierung mit monatlichen 50,00€ Sachbezugsgutscheinen Umfangreiche Unterstützung bei Weiterbildungsmaßnahmen wie z.B. Fachberater Qualifikationen Modernste Ausstattung mit digitalen Prozessen Starker Teamzusammenhalt und regelmäßige Teamevents Schnell, unkompliziert und effizient Ihren Traumjob finden – ein Versprechen an Sie, dass wir aufgrund unseres selektiven, breit gefächerten und deutschlandweiten Kanzleinetzwerks halten werden. lhre Vorteile mit uns auf einen Blick: Sie führen keine unsinnigen Bewerbungsgespräche mehr, bei denen Sie während des Bewerbungsprozesses merken, dass es (bspw. wegen des Gehalts) sowieso nicht passt - wir klären vor Ihrem Bewerbungsgespräch all Ihre mit uns besprochenen Kriterien mit der Kanzlei ab. Wir führen Ihre Gehaltsverhandlungen und kennen die Gehaltsstrukturen der Branche dabei bestens. 100% Anonymität – solange Sie uns nicht das „Go“ geben und einem Kennenlernen mit Ihrem neuen potentiellen Arbeitgeber zustimmen, erfährt niemand von Ihrem Namen oder Ihren bisherigen Arbeitgebern – Ihre Ihnen wichtigen Kriterien können wir auch zunächst anonym mit unseren Partnerkanzleien klären. Attraktive Kanzleien – die Kanzleien in unserem breit gefächerten Kanzleinetzwerk sind selektiv ausgewählt und heben sich klar von “normalen” Kanzleien ab (z.B. hinsichtlich der Vergütung, Benefits, Hierarchien, Digitalisierungsgrad, Ausstattung etc.). Und das Beste: Unser gesamter Service ist unverbindlich und völlig kostenfrei für Sie. Find Jobs in Germany on Arbeitnow",False,"['Directors', 'Chief Executives']",[],arbeitnow,API | Git
